Species,Photo_ML _ID,Eye_Measurement _pixels,Bill_Length_Measurement_pixels,Bill_Depth_Measurement_pixels,AVONET_Bill_Length_mm,AVONET_Bill_Depth_mm,Eye_Size_in_mm_calculated_by_bill_length,Eye_Size_in_mm_Calculated_by_bill_depth,Eye_Size_in_mm_averaged,Bill_Ratio_photo,Bill_Ratio_specimen,Error_of_bill_ratio
Dicrurus leucophaeus,446965811,59.55,142.854,78.232,16.7,8.4,6.96,6.39,6.68,1.83,1.99,-0.08
Dicrurus leucophaeus,399978521,90.87,251.803,134.082,16.7,8.4,6.03,5.69,5.86,1.88,1.99,-0.06
Dicrurus leucophaeus,134959491,100.62,240.352,107.49,16.7,8.4,6.99,7.86,7.43,2.24,1.99,0.12
Dicrurus leucophaeus,82979511,36.69,107.019,53.151,16.7,8.4,5.73,5.8,5.76,2.01,1.99,0.01
Dicrurus leucophaeus,427263061,63.35,149.084,77.026,16.7,8.4,7.1,6.91,7,1.94,1.99,-0.03
Dicrurus leucophaeus,78392681,82.74,212.05,108.904,16.7,8.4,6.52,6.38,6.45,1.95,1.99,-0.02
Dicrurus leucophaeus,613970370,55.16,132.981,72.993,16.7,8.4,6.93,6.35,6.64,1.82,1.99,-0.08
Dicrurus leucophaeus,328585531,38.43,111.513,61.337,16.7,8.4,5.75,5.26,5.51,1.82,1.99,-0.09
Dicrurus leucophaeus,165497151,51.68,136.618,67.696,16.7,8.4,6.32,6.41,6.37,2.02,1.99,0.02
Dicrurus leucophaeus,402921371,58.06,157.868,81.988,16.7,8.4,6.14,5.95,6.05,1.93,1.99,-0.03
Dicrurus leucophaeus,504282341,56,163.093,80.006,16.7,8.4,5.73,5.88,5.81,2.04,1.99,0.03
Dicrurus leucophaeus,525410051,42.96,110.027,62.572,16.7,8.4,6.52,5.77,6.14,1.76,1.99,-0.12
Muscicapa dauurica,59418741,109.55,141.057,62.129,7.8,3.5,6.06,6.17,6.11,2.27,2.23,0.02
Muscicapa dauurica,621087668,83.5,131.166,69.378,7.8,3.5,4.97,4.21,4.59,1.89,2.23,-0.15
Muscicapa dauurica,172593161,83.33,123.491,58.199,7.8,3.5,5.26,5.01,5.14,2.12,2.23,-0.05
Muscicapa dauurica,6254530713,70.34,102.068,50.225,7.8,3.5,5.38,4.9,5.14,2.03,2.23,-0.09
Muscicapa dauurica,412469571,62.81,113.553,54.992,7.8,3.5,4.31,4,4.16,2.06,2.23,-0.07
Muscicapa dauurica,628229496,91.79,129.674,66.475,7.8,3.5,5.52,4.83,5.18,1.95,2.23,-0.12
Muscicapa dauurica,631607729,83.81,127.595,64.698,7.8,3.5,5.12,4.53,4.83,1.97,2.23,-0.12
Muscicapa dauurica,532958141,105.73,180.045,75.671,7.8,3.5,4.58,4.89,4.74,2.38,2.23,0.07
Muscicapa dauurica,417627741,96.69,145.191,66.084,7.8,3.5,5.19,5.12,5.16,2.2,2.23,-0.01
Muscicapa dauurica,509944001,78.1,133.094,58.337,7.8,3.5,4.58,4.69,4.63,2.28,2.23,0.02
Muscicapa dauurica,421605901,81.75,130.698,55.946,7.8,3.5,4.88,5.11,5,2.34,2.23,0.05
Muscicapa dauurica,630897608,79.66,120.094,67.225,7.8,3.5,5.17,4.15,4.66,1.79,2.23,-0.2
Muscicapa dauurica,369357441,94.96,130.05,61,7.8,3.5,5.7,5.45,5.57,2.13,2.23,-0.04
Muscicapa dauurica,552105471,74.36,120.619,59.228,7.8,3.5,4.81,4.39,4.6,2.04,2.23,-0.09
Muscicapa dauurica,267746251,31.36,48.723,24.748,7.8,3.5,5.02,4.44,4.73,1.97,2.23,-0.12
Chalcophaps indica,311572121,72.11,145.836,60.747,11.3,4.2,5.59,4.99,5.29,2.4,2.69,-0.11
Chalcophaps indica,445099121,94.75,135.835,60.541,11.3,4.2,7.88,6.57,7.23,2.24,2.69,-0.17
Chalcophaps indica,593082211,80.06,116.387,61.057,11.3,4.2,7.77,5.51,6.64,1.91,2.69,-0.29
Chalcophaps indica,200728301,64.21,98.442,45.748,11.3,4.2,7.37,5.89,6.63,2.15,2.69,-0.2
Chalcophaps indica,85681931,75.53,99.911,51.638,11.3,4.2,8.54,6.14,7.34,1.93,2.69,-0.28
Chalcophaps indica,147470991,90.88,124.158,72.295,11.3,4.2,8.27,5.28,6.78,1.72,2.69,-0.36
Chalcophaps indica,623652241,78.32,99.455,54.448,11.3,4.2,8.9,6.04,7.47,1.83,2.69,-0.32
Chalcophaps indica,2052222401,76.63,111.716,60.949,11.3,4.2,7.75,5.28,6.52,1.83,2.69,-0.32
Chalcophaps indica,150010061,77.13,98.473,49.894,11.3,4.2,8.85,6.49,7.67,1.97,2.69,-0.27
Chalcophaps indica,533515451,65.77,83.37,39.003,11.3,4.2,8.91,7.08,8,2.14,2.69,-0.21
Chalcophaps indica,641912859,62.16,83.165,42.074,11.3,4.2,8.45,6.21,7.33,1.98,2.69,-0.27
Chalcophaps indica,234498121,86.31,147.787,74.027,11.3,4.2,6.6,4.9,5.75,2,2.69,-0.26
Chalcophaps indica,302275661,63.6,82.759,40.509,11.3,4.2,8.68,6.59,7.64,2.04,2.69,-0.24
Chalcophaps indica,358191851,51.27,75.664,38.759,11.3,4.2,7.66,5.56,6.61,1.95,2.69,-0.27
Chalcophaps indica,602063591,75.86,106.702,48.283,11.3,4.2,8.03,6.6,7.32,2.21,2.69,-0.18
Irena puella,300066481,69.77,192.523,98.928,17.5,9.1,6.34,6.42,6.38,1.95,1.92,0.01
Irena puella,629431890,59.3,143.459,85.669,17.5,9.1,7.23,6.3,6.77,1.67,1.92,-0.13
Irena puella,614551014,38.04,98.361,54.435,17.5,9.1,6.77,6.36,6.56,1.81,1.92,-0.06
Irena puella,26789071,88.78,221.206,124.197,17.5,9.1,7.02,6.5,6.76,1.78,1.92,-0.07
Irena puella,358205131,46.34,135.294,68.363,17.5,9.1,5.99,6.17,6.08,1.98,1.92,0.03
Irena puella,549734741,62.17,151.958,82.681,17.5,9.1,7.16,6.84,7,1.84,1.92,-0.04
Irena puella,614515656,147.15,384.003,220.617,17.5,9.1,6.71,6.07,6.39,1.74,1.92,-0.09
Irena puella,615708339,43.42,119.535,67.989,17.5,9.1,6.36,5.81,6.08,1.76,1.92,-0.09
Irena puella,640460132,69.27,183.636,125.62,17.5,9.1,6.6,5.02,5.81,1.46,1.92,-0.24
Irena puella,202220261,52.02,144.9,93.276,17.5,9.1,6.28,5.08,5.68,1.55,1.92,-0.19
Irena puella,503548841,48.54,125.533,68.542,17.5,9.1,6.77,6.44,6.61,1.83,1.92,-0.05
Irena puella,631497610,45.24,134.7,74.316,17.5,9.1,5.88,5.54,5.71,1.81,1.92,-0.06
Irena puella,576641021,43.4,128.625,73.11,17.5,9.1,5.9,5.4,5.65,1.76,1.92,-0.09
Irena puella,295939201,54.86,145.011,84.138,17.5,9.1,6.62,5.93,6.28,1.72,1.92,-0.1
Irena puella,630632480,55.52,154.503,86.869,17.5,9.1,6.29,5.82,6.05,1.78,1.92,-0.08
Irena puella,631901549,35.11,88.905,51.726,17.5,9.1,6.91,6.18,6.54,1.72,1.92,-0.11
Eudynamys scolopaceus,316232281,112.45,242.293,146.414,20.4,10.6,9.47,8.14,8.8,1.65,1.92,-0.14
Eudynamys scolopaceus,87035191,47.36,100.935,67.364,20.4,10.6,9.57,7.45,8.51,1.5,1.92,-0.22
Eudynamys scolopaceus,631494950,186.08,359.34,253.334,20.4,10.6,10.56,7.79,9.17,1.42,1.92,-0.26
Eudynamys scolopaceus,639094675,43.5,146.319,84.572,20.4,10.6,6.06,5.45,5.76,1.73,1.92,-0.1
Eudynamys scolopaceus,60614251,62.23,143.816,81.718,20.4,10.6,8.83,8.07,8.45,1.76,1.92,-0.09
Eudynamys scolopaceus,305537291,110.45,290.993,182.044,20.4,10.6,7.74,6.43,7.09,1.6,1.92,-0.17
Eudynamys scolopaceus,608757216,72.56,158.484,96.966,20.4,10.6,9.34,7.93,8.64,1.63,1.92,-0.15
Eudynamys scolopaceus,636719460,41.42,99.544,53.515,20.4,10.6,8.49,8.2,8.35,1.86,1.92,-0.03
Eudynamys scolopaceus,204378781,50.11,107.303,56.009,20.4,10.6,9.53,9.48,9.51,1.92,1.92,0
Eudynamys scolopaceus,328589651,43.5,93.766,56.349,20.4,10.6,9.46,8.18,8.82,1.66,1.92,-0.14
Eudynamys scolopaceus,634016317,31.11,70.463,50.062,20.4,10.6,9.01,6.59,7.8,1.41,1.92,-0.27
Eudynamys scolopaceus,627384826,56.34,129.547,83.434,20.4,10.6,8.87,7.16,8.01,1.55,1.92,-0.19
Eudynamys scolopaceus,360265991,76.52,192.442,108.074,20.4,10.6,8.11,7.5,7.81,1.78,1.92,-0.07
Eudynamys scolopaceus,78730911,45.99,115.777,65.548,20.4,10.6,8.1,7.44,7.77,1.77,1.92,-0.08
Eudynamys scolopaceus,629505615,67.49,163.287,95.189,20.4,10.6,8.43,7.52,7.97,1.72,1.92,-0.11
Eudynamys scolopaceus,170428831,127.67,264.484,161.012,20.4,10.6,9.85,8.4,9.13,1.64,1.92,-0.15
Eudynamys scolopaceus,616764895,79.32,177.409,110.44,20.4,10.6,9.12,7.61,8.37,1.61,1.92,-0.17
Eudynamys scolopaceus,206209631,64.69,144.591,83.132,20.4,10.6,9.13,8.25,8.69,1.74,1.92,-0.1
Eudynamys scolopaceus,604522351,69.15,153.572,91.396,20.4,10.6,9.19,8.02,8.6,1.68,1.92,-0.13
Hemipus picatus,460998401,76.5,134.508,70.514,8.4,3.7,4.78,4.01,4.4,1.91,2.27,-0.16
Hemipus picatus,402919551,73.94,142.172,59.439,8.4,3.7,4.37,4.6,4.49,2.39,2.27,0.05
Hemipus picatus,421397511,30.5,57.264,29.254,8.4,3.7,4.47,3.86,4.17,1.96,2.27,-0.14
Hemipus picatus,618959478,53.61,117.129,53.521,8.4,3.7,3.84,3.71,3.78,2.19,2.27,-0.04
Hemipus picatus,609913789,54.15,117.697,60.033,8.4,3.7,3.86,3.34,3.6,1.96,2.27,-0.14
Hemipus picatus,635174425,66.33,131.913,66.242,8.4,3.7,4.22,3.7,3.96,1.99,2.27,-0.12
Hemipus picatus,626237306,51,92.002,43,8.4,3.7,4.66,4.39,4.52,2.14,2.27,-0.06
Hemipus picatus,617813921,51.35,104.376,49.554,8.4,3.7,4.13,3.83,3.98,2.11,2.27,-0.07
Hemipus picatus,627302636,47.01,115.293,51.441,8.4,3.7,3.42,3.38,3.4,2.24,2.27,-0.01
Hemipus picatus,613260048,74.18,144.007,81.002,8.4,3.7,4.33,3.39,3.86,1.78,2.27,-0.22
Hemipus picatus,249744221,71.33,162.89,83.096,8.4,3.7,3.68,3.18,3.43,1.96,2.27,-0.14
Hemipus picatus,611577318,24.51,53.285,23.005,8.4,3.7,3.86,3.94,3.9,2.32,2.27,0.02
Hemipus picatus,69502681,68.43,131.158,58.31,8.4,3.7,4.38,4.34,4.36,2.25,2.27,-0.01
Hemipus picatus,106803041,64.28,121.893,57.202,8.4,3.7,4.43,4.16,4.29,2.13,2.27,-0.06
Hemipus picatus,227844831,68.35,147.894,66.272,8.4,3.7,3.88,3.82,3.85,2.23,2.27,-0.02
Hemipus picatus,143280381,29.52,65.009,31.962,8.4,3.7,3.81,3.42,3.62,2.03,2.27,-0.1
Milvus migrans,112118831,50.51,90.75,67.775,22.4,17.4,12.47,12.97,12.72,1.34,1.29,0.04
Milvus migrans,174168531,37.32,59.093,56.001,22.4,17.4,14.15,11.6,12.87,1.06,1.29,-0.18
Milvus migrans,506925091,101.55,190.042,136.561,22.4,17.4,11.97,12.94,12.45,1.39,1.29,0.08
Oriolus xanthornus,629998542,30.61,93.145,41.532,19.8,7.8,6.51,5.75,6.13,2.24,2.54,-0.12
Oriolus xanthornus,511681521,85.54,252.362,110.164,19.8,7.8,6.71,6.06,6.38,2.29,2.54,-0.1
Oriolus xanthornus,315345361,51.59,151.025,70.336,19.8,7.8,6.76,5.72,6.24,2.15,2.54,-0.15
Oriolus xanthornus,416720371,72.78,239.309,91.351,19.8,7.8,6.02,6.21,6.12,2.62,2.54,0.03
Oriolus xanthornus,612480367,68.53,225.568,94.267,19.8,7.8,6.02,5.67,5.84,2.39,2.54,-0.06
Oriolus xanthornus,125502011,65.48,198.295,94.594,19.8,7.8,6.54,5.4,5.97,2.1,2.54,-0.17
Oriolus xanthornus,361358581,76.03,263.6,108.074,19.8,7.8,5.71,5.49,5.6,2.44,2.54,-0.04
Oriolus xanthornus,599892361,61.01,163.146,72.64,19.8,7.8,7.4,6.55,6.98,2.25,2.54,-0.12
Oriolus xanthornus,639555403,58.64,176.011,75.082,19.8,7.8,6.6,6.09,6.34,2.34,2.54,-0.08
Oriolus xanthornus,611156216,81.03,238.606,106.005,19.8,7.8,6.72,5.96,6.34,2.25,2.54,-0.11
Oriolus xanthornus,622989666,79.75,245.204,100.245,19.8,7.8,6.44,6.21,6.32,2.45,2.54,-0.04
Oriolus xanthornus,563529891,35.63,117.004,48.662,19.8,7.8,6.03,5.71,5.87,2.4,2.54,-0.05
Oriolus xanthornus,85467931,35.17,138.015,57.63,19.8,7.8,5.05,4.76,4.9,2.39,2.54,-0.06
Oriolus xanthornus,609009841,91.85,292.308,125.575,19.8,7.8,6.22,5.71,5.96,2.33,2.54,-0.08
Oriolus xanthornus,31520511,66.17,215.372,97.739,19.8,7.8,6.08,5.28,5.68,2.2,2.54,-0.13
Oriolus xanthornus,294553971,56.35,174.537,67.618,19.8,7.8,6.39,6.5,6.45,2.58,2.54,0.02
Oriolus xanthornus,27480951,52.01,183.044,66.37,19.8,7.8,5.63,6.11,5.87,2.76,2.54,0.09
Oriolus xanthornus,60877401,49.66,194.209,84.5,19.8,7.8,5.06,4.58,4.82,2.3,2.54,-0.09
Hypothymis azurea,630669094,95.17,181.728,92.439,8.5,3.7,4.45,3.81,4.13,1.97,2.3,-0.14
Hypothymis azurea,633495865,90.06,166.501,79.851,8.5,3.7,4.6,4.17,4.39,2.09,2.3,-0.09
Hypothymis azurea,506778951,80.03,161.83,65.765,8.5,3.7,4.2,4.5,4.35,2.46,2.3,0.07
Hypothymis azurea,318959291,79.03,159.665,74.204,8.5,3.7,4.21,3.94,4.07,2.15,2.3,-0.06
Hypothymis azurea,623652467,70.93,153.913,69.57,8.5,3.7,3.92,3.77,3.84,2.21,2.3,-0.04
Hypothymis azurea,621342700,56.5,100.614,46.639,8.5,3.7,4.77,4.48,4.63,2.16,2.3,-0.06
Hypothymis azurea,147470781,83.19,139.765,68.622,8.5,3.7,5.06,4.49,4.77,2.04,2.3,-0.11
Hypothymis azurea,85685561,56,112.388,54.016,8.5,3.7,4.24,3.84,4.04,2.08,2.3,-0.09
Hypothymis azurea,565445221,83.71,147.869,73.165,8.5,3.7,4.81,4.23,4.52,2.02,2.3,-0.12
Hypothymis azurea,170557571,69.53,131.686,63.738,8.5,3.7,4.49,4.04,4.26,2.07,2.3,-0.1
Hypothymis azurea,619137031,55.08,88.115,50.522,8.5,3.7,5.31,4.03,4.67,1.74,2.3,-0.24
Hypothymis azurea,617873074,67.6,127.893,57.726,8.5,3.7,4.49,4.33,4.41,2.22,2.3,-0.04
Hypothymis azurea,226496601,67.84,110.693,54.406,8.5,3.7,5.21,4.61,4.91,2.03,2.3,-0.11
Hypothymis azurea,365643121,34.5,57.009,34.18,8.5,3.7,5.14,3.74,4.44,1.67,2.3,-0.27
Hypothymis azurea,125534501,60.01,101.965,49.778,8.5,3.7,5,4.46,4.73,2.05,2.3,-0.11
Hypothymis azurea,360695171,49.02,84.037,50.5,8.5,3.7,4.96,3.59,4.28,1.66,2.3,-0.28
Hypothymis azurea,125486071,89.53,128.547,65.307,8.5,3.7,5.92,5.07,5.5,1.97,2.3,-0.14
Hypothymis azurea,290831841,82.01,131.034,69.26,8.5,3.7,5.32,4.38,4.85,1.89,2.3,-0.18
Hypothymis azurea,619137038,53.69,85.147,50.589,8.5,3.7,5.36,3.93,4.64,1.68,2.3,-0.27
Hypothymis azurea,633133295,86.83,157.532,72.402,8.5,3.7,4.69,4.44,4.56,2.18,2.3,-0.05
Hypothymis azurea,217687621,72.38,130.035,63.502,8.5,3.7,4.73,4.22,4.47,2.05,2.3,-0.11
Hypothymis azurea,418049361,67.86,111.16,58.673,8.5,3.7,5.19,4.28,4.73,1.89,2.3,-0.18
Hypothymis azurea,592065381,80.06,157.703,59.053,8.5,3.7,4.31,5.02,4.67,2.67,2.3,0.16
Hypothymis azurea,618766577,90.55,155.541,67.759,8.5,3.7,4.95,4.94,4.95,2.3,2.3,0
Hypothymis azurea,353945941,100.62,190.704,88.119,8.5,3.7,4.48,4.23,4.35,2.16,2.3,-0.06
Dinopium benghalense,630707219,55.4,285.175,97.247,26.6,8.8,5.17,5.01,5.09,2.93,3.02,-0.03
Dinopium benghalense,244299831,66.4,315.93,106.513,26.6,8.8,5.59,5.49,5.54,2.97,3.02,-0.02
Dinopium benghalense,144002941,77.85,327.471,109.142,26.6,8.8,6.32,6.28,6.3,3,3.02,-0.01
Dinopium benghalense,259207171,79.91,298.055,120.304,26.6,8.8,7.13,5.85,6.49,2.48,3.02,-0.18
Dinopium benghalense,175801911,56.38,241.847,87.367,26.6,8.8,6.2,5.68,5.94,2.77,3.02,-0.08
Dinopium benghalense,260637041,47.17,182,65.97,26.6,8.8,6.89,6.29,6.59,2.76,3.02,-0.09
Dinopium benghalense,135725851,57.01,233.25,79.31,26.6,8.8,6.5,6.33,6.41,2.94,3.02,-0.03
Dinopium benghalense,626691845,36.31,155.326,50.329,26.6,8.8,6.22,6.35,6.28,3.09,3.02,0.02
Dinopium benghalense,144002951,56.11,247.477,76.531,26.6,8.8,6.03,6.45,6.24,3.23,3.02,0.07
Dinopium benghalense,558112801,40.18,181.648,61.587,26.6,8.8,5.88,5.74,5.81,2.95,3.02,-0.02
Dinopium benghalense,170833011,39.81,192.38,68.884,26.6,8.8,5.5,5.09,5.29,2.79,3.02,-0.08
Dinopium benghalense,495145261,54.09,234.438,72.007,26.6,8.8,6.14,6.61,6.37,3.26,3.02,0.08
Dinopium benghalense,143853031,38.22,186.891,60.565,26.6,8.8,5.44,5.55,5.5,3.09,3.02,0.02
Dinopium benghalense,610992404,48.09,222.524,73.926,26.6,8.8,5.75,5.72,5.74,3.01,3.02,0
Dinopium benghalense,633584439,39.63,193.371,61.294,26.6,8.8,5.45,5.69,5.57,3.15,3.02,0.04
Cyornis rubeculoides,486363611,95.56,164.181,72.443,8.4,3.6,4.89,4.75,4.82,2.27,2.33,-0.03
Cyornis rubeculoides,512445881,100.81,173.056,74.035,8.4,3.6,4.89,4.9,4.9,2.34,2.33,0
Cyornis rubeculoides,459472851,105.51,166.407,79.953,8.4,3.6,5.33,4.75,5.04,2.08,2.33,-0.11
Cyornis rubeculoides,446572841,112.59,210.189,91.731,8.4,3.6,4.5,4.42,4.46,2.29,2.33,-0.02
Cyornis rubeculoides,468306351,92.01,137.545,66.502,8.4,3.6,5.62,4.98,5.3,2.07,2.33,-0.11
Cyornis rubeculoides,587126681,102.04,171.493,76.4,8.4,3.6,5,4.81,4.9,2.24,2.33,-0.04
Cyornis rubeculoides,611494450,97.51,175.018,74.084,8.4,3.6,4.68,4.74,4.71,2.36,2.33,0.01
Cyornis rubeculoides,397149431,82.64,154.409,64.327,8.4,3.6,4.5,4.62,4.56,2.4,2.33,0.03
Cyornis rubeculoides,632448413,55.4,95.355,44.435,8.4,3.6,4.88,4.49,4.68,2.15,2.33,-0.08
Cyornis rubeculoides,144003001,80.5,133.54,54.113,8.4,3.6,5.06,5.36,5.21,2.47,2.33,0.06
Cyornis rubeculoides,599919031,102.79,193.352,80.411,8.4,3.6,4.47,4.6,4.53,2.4,2.33,0.03
Cyornis rubeculoides,328590021,83.01,155.724,60.904,8.4,3.6,4.48,4.91,4.69,2.56,2.33,0.1
Cyornis rubeculoides,366428811,95.76,152.161,64.031,8.4,3.6,5.29,5.38,5.33,2.38,2.33,0.02
Cyornis rubeculoides,377520121,53.7,85.657,45.305,8.4,3.6,5.27,4.27,4.77,1.89,2.33,-0.19
Cyornis rubeculoides,619610636,121.3,161.447,79.412,8.4,3.6,6.31,5.5,5.9,2.03,2.33,-0.13
Haliastur indus,492681451,50.01,73.106,73.667,24.4,17,16.69,11.54,14.12,0.99,1.44,-0.31
Haliastur indus,616358240,48.26,84.001,81.616,24.4,17,14.02,10.05,12.04,1.03,1.44,-0.28
Haliastur indus,621462285,41.11,73.24,61.679,24.4,17,13.7,11.33,12.51,1.19,1.44,-0.17
Haliastur indus,613714060,74.55,123.879,130.599,24.4,17,14.68,9.7,12.19,0.95,1.44,-0.34
Haliastur indus,542580051,66.98,97.837,88.41,24.4,17,16.7,12.88,14.79,1.11,1.44,-0.23
Haliastur indus,557446751,44.12,94.41,79.765,24.4,17,11.4,9.4,10.4,1.18,1.44,-0.18
Haliastur indus,249880281,40.72,62.119,66.218,24.4,17,15.99,10.45,13.22,0.94,1.44,-0.35
Haliastur indus,110831281,40.58,74.177,71.828,24.4,17,13.35,9.61,11.48,1.03,1.44,-0.28
Haliastur indus,225437711,52.37,75.822,79.699,24.4,17,16.85,11.17,14.01,0.95,1.44,-0.34
Haliastur indus,621372747,67,102.005,106.042,24.4,17,16.03,10.74,13.38,0.96,1.44,-0.33
Haliastur indus,622592022,73.42,135.989,134.618,24.4,17,13.17,9.27,11.22,1.01,1.44,-0.3
Haliastur indus,614984033,58.83,125,115.434,24.4,17,11.48,8.66,10.07,1.08,1.44,-0.25
Haliastur indus,382313501,191.64,329.14,312.117,24.4,17,14.21,10.44,12.32,1.05,1.44,-0.27
Haliastur indus,64586191,38.65,59.258,60,24.4,17,15.91,10.95,13.43,0.99,1.44,-0.31
Haliastur indus,622256906,56.36,93.405,98.287,24.4,17,14.72,9.75,12.24,0.95,1.44,-0.34
Haliastur indus,629833240,32.3,52.496,48.831,24.4,17,15.01,11.24,13.13,1.08,1.44,-0.25
Haliastur indus,305545971,37.12,62.482,69.289,24.4,17,14.5,9.11,11.8,0.9,1.44,-0.37
Haliastur indus,610248800,20.23,27.829,34.731,24.4,17,17.74,9.9,13.82,0.8,1.44,-0.44
Dicrurus aeneus,627099510,53.71,121.396,60.299,13.3,6.1,5.88,5.43,5.66,2.01,2.18,-0.08
Dicrurus aeneus,612618596,52.77,111.253,61.1,13.3,6.1,6.31,5.27,5.79,1.82,2.18,-0.16
Dicrurus aeneus,147469831,70.82,137.816,77.162,13.3,6.1,6.83,5.6,6.22,1.79,2.18,-0.18
Dicrurus aeneus,85684881,54.03,113.818,65.017,13.3,6.1,6.31,5.07,5.69,1.75,2.18,-0.2
Dicrurus aeneus,633218667,54.9,126.509,57.097,13.3,6.1,5.77,5.87,5.82,2.22,2.18,0.02
Dicrurus aeneus,556758491,94.15,203.796,117.085,13.3,6.1,6.14,4.91,5.52,1.74,2.18,-0.2
Dicrurus aeneus,534665851,48.61,140.656,85.428,13.3,6.1,4.6,3.47,4.03,1.65,2.18,-0.24
Dicrurus aeneus,214065711,61.02,122.403,70.401,13.3,6.1,6.63,5.29,5.96,1.74,2.18,-0.2
Dicrurus aeneus,636109211,55.67,83.301,60.67,13.3,6.1,8.89,5.6,7.24,1.37,2.18,-0.37
Dicrurus aeneus,627850220,42.5,88.318,49.473,13.3,6.1,6.4,5.24,5.82,1.79,2.18,-0.18
Dicrurus aeneus,622689112,58.52,133.613,63.097,13.3,6.1,5.83,5.66,5.74,2.12,2.18,-0.03
Dicrurus aeneus,611189318,55.7,113.518,67.537,13.3,6.1,6.53,5.03,5.78,1.68,2.18,-0.23
Lanius cristatus,179945281,133.53,213.965,177.792,11.6,7.9,7.24,5.93,6.59,1.2,1.47,-0.18
Lanius cristatus,623703917,83.51,153.375,115.352,11.6,7.9,6.32,5.72,6.02,1.33,1.47,-0.09
Lanius cristatus,611752641,89.56,147.959,118.609,11.6,7.9,7.02,5.97,6.49,1.25,1.47,-0.15
Lanius cristatus,296313511,60.69,104.389,89.157,11.6,7.9,6.74,5.38,6.06,1.17,1.47,-0.2
Lanius cristatus,491999201,80.18,131.192,105.077,11.6,7.9,7.09,6.03,6.56,1.25,1.47,-0.15
Lanius cristatus,193787481,40.13,74.004,55.376,11.6,7.9,6.29,5.73,6.01,1.34,1.47,-0.09
Lanius cristatus,545331441,82.52,145.152,105.005,11.6,7.9,6.6,6.21,6.4,1.38,1.47,-0.06
Lanius cristatus,20199391,160.46,221.563,186.968,11.6,7.9,8.4,6.78,7.59,1.19,1.47,-0.19
Lanius cristatus,147856421,90.09,144.586,129.124,11.6,7.9,7.23,5.51,6.37,1.12,1.47,-0.24
Lanius cristatus,309024581,89.07,143.558,112.401,11.6,7.9,7.2,6.26,6.73,1.28,1.47,-0.13
Lanius cristatus,83390041,79.46,131.765,98.255,11.6,7.9,6.99,6.39,6.69,1.34,1.47,-0.09
Lanius cristatus,221183241,93.32,175,134.937,11.6,7.9,6.19,5.46,5.82,1.3,1.47,-0.12
Lanius cristatus,275697391,67.45,139.743,110.549,11.6,7.9,5.6,4.82,5.21,1.26,1.47,-0.14
Lanius cristatus,369083011,57.01,92.372,80.025,11.6,7.9,7.16,5.63,6.39,1.15,1.47,-0.21
Lanius cristatus,623698315,60.26,101.697,78.09,11.6,7.9,6.87,6.1,6.48,1.3,1.47,-0.11
Lanius cristatus,623545827,92.03,156.924,135,11.6,7.9,6.8,5.39,6.09,1.16,1.47,-0.21
Lanius cristatus,518403041,69.12,113.53,94.557,11.6,7.9,7.06,5.77,6.42,1.2,1.47,-0.18
Merops leschenaulti,239517261,51.83,202.51,55.326,28.9,6.3,7.4,5.9,6.65,3.66,4.59,-0.2
Merops leschenaulti,147413481,46.18,157.452,53.477,28.9,6.3,8.48,5.44,6.96,2.94,4.59,-0.36
Merops leschenaulti,147413481,44.69,162.863,59.34,28.9,6.3,7.93,4.74,6.34,2.74,4.59,-0.4
Merops leschenaulti,587361971,52.52,187.024,57.559,28.9,6.3,8.11,5.75,6.93,3.25,4.59,-0.29
Merops leschenaulti,617664147,63.59,228.954,84.233,28.9,6.3,8.03,4.76,6.39,2.72,4.59,-0.41
Merops leschenaulti,85910701,41.49,180.75,44.545,28.9,6.3,6.63,5.87,6.25,4.06,4.59,-0.12
Merops leschenaulti,626833788,40.6,199.861,48.052,28.9,6.3,5.87,5.32,5.6,4.16,4.59,-0.09
Merops leschenaulti,632892872,63.51,265.481,65.62,28.9,6.3,6.91,6.1,6.51,4.05,4.59,-0.12
Merops leschenaulti,636877023,37.3,165.94,43.641,28.9,6.3,6.5,5.38,5.94,3.8,4.59,-0.17
Merops leschenaulti,626376900,56.93,266.563,64.724,28.9,6.3,6.17,5.54,5.86,4.12,4.59,-0.1
Merops leschenaulti,636540753,43.17,234.105,54.502,28.9,6.3,5.33,4.99,5.16,4.3,4.59,-0.06
Merops leschenaulti,84195431,59.99,238.048,68.507,28.9,6.3,7.28,5.52,6.4,3.47,4.59,-0.24
Merops leschenaulti,189512981,43.88,181.042,49.206,28.9,6.3,7,5.62,6.31,3.68,4.59,-0.2
Merops leschenaulti,633243170,38.33,153.5,41.076,28.9,6.3,7.22,5.88,6.55,3.74,4.59,-0.19
Merops leschenaulti,633243170,37.86,151.503,45.525,28.9,6.3,7.22,5.24,6.23,3.33,4.59,-0.27
Merops leschenaulti,636151781,53,210.924,57.775,28.9,6.3,7.26,5.78,6.52,3.65,4.59,-0.2
Merops leschenaulti,334082741,61.37,291.234,74.027,28.9,6.3,6.09,5.22,5.66,3.93,4.59,-0.14
Merops leschenaulti,294677521,57,331.074,65.734,28.9,6.3,4.98,5.46,5.22,5.04,4.59,0.1
Merops leschenaulti,640460152,57.35,232.242,63.596,28.9,6.3,7.14,5.68,6.41,3.65,4.59,-0.2
Merops leschenaulti,580236921,46.46,228.561,56.002,28.9,6.3,5.87,5.23,5.55,4.08,4.59,-0.11
Merops leschenaulti,435293181,54.41,272.039,63.379,28.9,6.3,5.78,5.41,5.59,4.29,4.59,-0.06
Merops leschenaulti,614297664,55.46,219.146,55.66,28.9,6.3,7.31,6.28,6.79,3.94,4.59,-0.14
Aegithina tiphia,337698951,83.27,194.893,81.154,10.8,4.5,4.61,4.62,4.62,2.4,2.4,0
Aegithina tiphia,369122191,75.7,221.139,96.104,10.8,4.5,3.7,3.54,3.62,2.3,2.4,-0.04
Aegithina tiphia,169820241,129.84,346.586,146.751,10.8,4.5,4.05,3.98,4.01,2.36,2.4,-0.02
Aegithina tiphia,110038821,79.56,225.824,101.204,10.8,4.5,3.8,3.54,3.67,2.23,2.4,-0.07
Aegithina tiphia,595681711,68.28,189.874,93.941,10.8,4.5,3.88,3.27,3.58,2.02,2.4,-0.16
Aegithina tiphia,250681981,61.81,168.503,73.027,10.8,4.5,3.96,3.81,3.89,2.31,2.4,-0.04
Aegithina tiphia,622961032,50.99,153.461,67.98,10.8,4.5,3.59,3.38,3.48,2.26,2.4,-0.06
Aegithina tiphia,353945931,83.18,206.03,95.94,10.8,4.5,4.36,3.9,4.13,2.15,2.4,-0.11
Aegithina tiphia,425695091,49.5,137.058,58.951,10.8,4.5,3.9,3.78,3.84,2.32,2.4,-0.03
Aegithina tiphia,77375811,55.97,147.105,64.41,10.8,4.5,4.11,3.91,4.01,2.28,2.4,-0.05
Aegithina tiphia,614215072,104.33,268.002,118.512,10.8,4.5,4.2,3.96,4.08,2.26,2.4,-0.06
Aegithina tiphia,354982311,97.11,235.187,109.179,10.8,4.5,4.46,4,4.23,2.15,2.4,-0.1
Aegithina tiphia,269711601,44.61,133.268,54.533,10.8,4.5,3.62,3.68,3.65,2.44,2.4,0.02
Carpodacus erythrinus,343302571,46.25,108.334,96.945,8,7.9,3.42,3.77,3.59,1.12,1.01,0.1
Carpodacus erythrinus,344295271,60.1,139.191,123.684,8,7.9,3.45,3.84,3.65,1.13,1.01,0.11
Carpodacus erythrinus,376931571,64.03,102.571,120.998,8,7.9,4.99,4.18,4.59,0.85,1.01,-0.16
Carpodacus erythrinus,139260141,58.88,109.772,122.691,8,7.9,4.29,3.79,4.04,0.89,1.01,-0.12
Carpodacus erythrinus,343302591,52.22,109.949,113.964,8,7.9,3.8,3.62,3.71,0.96,1.01,-0.05
Carpodacus erythrinus,465076231,92.02,193.662,188.003,8,7.9,3.8,3.87,3.83,1.03,1.01,0.02
Carpodacus erythrinus,348052961,47.06,103.101,87.152,8,7.9,3.65,4.27,3.96,1.18,1.01,0.17
Carpodacus erythrinus,618705268,64.5,131.061,145.836,8,7.9,3.94,3.49,3.72,0.9,1.01,-0.11
Carpodacus erythrinus,637305472,39.19,91.45,98.582,8,7.9,3.43,3.14,3.28,0.93,1.01,-0.08
Carpodacus erythrinus,610473450,87.07,180.025,197.041,8,7.9,3.87,3.49,3.68,0.91,1.01,-0.1
Carpodacus erythrinus,594027571,58.33,120.467,117.671,8,7.9,3.87,3.92,3.9,1.02,1.01,0.01
Carpodacus erythrinus,124690051,49.02,82.937,109.792,8,7.9,4.73,3.53,4.13,0.76,1.01,-0.25
Carpodacus erythrinus,608955528,71.41,120.98,136.866,8,7.9,4.72,4.12,4.42,0.88,1.01,-0.13
Carpodacus erythrinus,520560031,67.67,125.788,133.076,8,7.9,4.3,4.02,4.16,0.95,1.01,-0.07
Carpodacus erythrinus,486092181,65.27,120.957,136.545,8,7.9,4.32,3.78,4.05,0.89,1.01,-0.13
Orthotomus sutorius,341838211,87.61,206.814,69.376,8.9,2.6,3.77,3.28,3.53,2.98,3.42,-0.13
Orthotomus sutorius,112630551,71.5,199.251,61.008,8.9,2.6,3.19,3.05,3.12,3.27,3.42,-0.05
Orthotomus sutorius,178245981,55.66,119.604,41.195,8.9,2.6,4.14,3.51,3.83,2.9,3.42,-0.15
Orthotomus sutorius,165928721,50.2,98.694,35.723,8.9,2.6,4.53,3.65,4.09,2.76,3.42,-0.19
Orthotomus sutorius,159999041,38.98,106.213,30.21,8.9,2.6,3.27,3.35,3.31,3.52,3.42,0.03
Orthotomus sutorius,609697611,76.69,197.819,68.429,8.9,2.6,3.45,2.91,3.18,2.89,3.42,-0.16
Orthotomus sutorius,251244101,53.25,150.013,50.01,8.9,2.6,3.16,2.77,2.96,3,3.42,-0.12
Orthotomus sutorius,267262981,60.25,165.572,51.279,8.9,2.6,3.24,3.05,3.15,3.23,3.42,-0.06
Orthotomus sutorius,419161701,64.26,153.175,50.132,8.9,2.6,3.73,3.33,3.53,3.06,3.42,-0.11
Orthotomus sutorius,366774831,60.16,157.051,50.448,8.9,2.6,3.41,3.1,3.25,3.11,3.42,-0.09
Orthotomus sutorius,459472611,84.39,202.165,59.615,8.9,2.6,3.72,3.68,3.7,3.39,3.42,-0.01
Orthotomus sutorius,93628811,78.16,98.561,63.675,8.9,2.6,7.06,3.19,5.12,1.55,3.42,-0.55
Orthotomus sutorius,185724931,91.01,232.691,60.745,8.9,2.6,3.48,3.9,3.69,3.83,3.42,0.12
Accipiter trivirgatus,639789543,29,37.651,39.454,17.3,14.1,13.33,10.36,11.84,0.95,1.23,-0.22
Accipiter trivirgatus,639789543,25.21,24.761,32.315,17.3,14.1,17.61,11,14.31,0.77,1.23,-0.38
Accipiter trivirgatus,639789538,36.09,28.828,46.088,17.3,14.1,21.66,11.04,16.35,0.63,1.23,-0.49
Accipiter trivirgatus,626163485,61.38,51.886,69.398,17.3,14.1,20.47,12.47,16.47,0.75,1.23,-0.39
Spilornis cheela,610923425,30.1,20.8,27.534,34.601,40.928,50.07,44.74,47.41,0.76,0.85,-0.11
Spilornis cheela,159774561,47.76,68.485,66.514,34.601,40.928,24.13,29.39,26.76,1.03,0.85,0.22
Spilornis cheela,204740971,35.11,57.852,60.708,34.601,40.928,21,23.67,22.34,0.95,0.85,0.13
Spilornis cheela,616536885,27.62,38.316,43.6,34.601,40.928,24.95,25.93,25.44,0.88,0.85,0.04
Spilornis cheela,712517,59.54,98.627,106.557,34.601,40.928,20.89,22.87,21.88,0.93,0.85,0.09
Spilornis cheela,712517,54.88,79.92,93.468,34.601,40.928,23.76,24.03,23.9,0.86,0.85,0.01
Spilornis cheela,288136051,146.76,227.728,223.329,34.601,40.928,22.3,26.9,24.6,1.02,0.85,0.21
Spilornis cheela,630167222,53.08,82.801,78.721,34.601,40.928,22.18,27.6,24.89,1.05,0.85,0.24
Spilornis cheela,311939791,52.78,71.616,74.136,34.601,40.928,25.5,29.14,27.32,0.97,0.85,0.14
Spilornis cheela,46663811,23.67,38.552,37.106,34.601,40.928,21.24,26.11,23.68,1.04,0.85,0.23
Spilornis cheela,282427631,41.98,64.726,59.511,34.601,40.928,22.44,28.87,25.65,1.09,0.85,0.29
Spilornis cheela,613635596,46.9,92.914,77.421,34.601,40.928,17.46,24.79,21.13,1.2,0.85,0.42
Spilornis cheela,575372181,56.05,85.128,82.55,34.601,40.928,22.78,27.79,25.29,1.03,0.85,0.22
Spilornis cheela,47956671,217.32,56.333,58.777,34.601,40.928,133.49,151.33,142.41,0.96,0.85,0.13
Spilornis cheela,616587776,39.09,66.174,59.738,34.601,40.928,20.44,26.78,23.61,1.11,0.85,0.31
Spilornis cheela,279953701,52.86,78.76,81.397,34.601,40.928,23.22,26.58,24.9,0.97,0.85,0.14
Spilornis cheela,206081811,65.81,117.925,94.833,34.601,40.928,19.31,28.4,23.86,1.24,0.85,0.47
Spilornis cheela,630907656,30.54,60.108,55.75,34.601,40.928,17.58,22.42,20,1.08,0.85,0.28
Spilornis cheela,390998361,31.27,51.8,54.829,34.601,40.928,20.88,23.34,22.11,0.94,0.85,0.12
Spilornis cheela,610178874,25.06,41.269,44.506,34.601,40.928,21.01,23.04,22.02,0.93,0.85,0.1
Upupa epops,245950031,51.25,296.594,63.071,46.9,6.3,8.1,5.12,6.61,4.7,7.44,-0.37
Upupa epops,63874221,61.6,554.008,80.056,46.9,6.3,5.21,4.85,5.03,6.92,7.44,-0.07
Upupa epops,90292361,47.8,392.868,74.947,46.9,6.3,5.71,4.02,4.86,5.24,7.44,-0.3
Upupa epops,628971549,51.52,438.187,66.31,46.9,6.3,5.51,4.89,5.2,6.61,7.44,-0.11
Upupa epops,282441271,56.76,464.245,70.257,46.9,6.3,5.73,5.09,5.41,6.61,7.44,-0.11
Upupa epops,127774781,50.25,510.004,69.921,46.9,6.3,4.62,4.53,4.57,7.29,7.44,-0.02
Upupa epops,426684341,61.17,463.121,85.51,46.9,6.3,6.19,4.51,5.35,5.42,7.44,-0.27
Upupa epops,553957971,56.51,501.599,97.985,46.9,6.3,5.28,3.63,4.46,5.12,7.44,-0.31
Upupa epops,487818401,58.46,539.618,79.076,46.9,6.3,5.08,4.66,4.87,6.82,7.44,-0.08
Upupa epops,551339021,45,385.914,60.531,46.9,6.3,5.47,4.68,5.08,6.38,7.44,-0.14
Upupa epops,118283021,35.13,379.954,46.098,46.9,6.3,4.34,4.8,4.57,8.24,7.44,0.11
Upupa epops,115766581,63.71,556.368,80.523,46.9,6.3,5.37,4.98,5.18,6.91,7.44,-0.07
Upupa epops,360784021,36.63,335.216,48.301,46.9,6.3,5.13,4.78,4.95,6.94,7.44,-0.07
Upupa epops,629498563,74.66,642.012,101.833,46.9,6.3,5.45,4.62,5.04,6.3,7.44,-0.15
Upupa epops,611784359,53.75,461.953,63.569,46.9,6.3,5.46,5.33,5.39,7.27,7.44,-0.02
Upupa epops,623384511,61.01,474.102,94.557,46.9,6.3,6.03,4.06,5.05,5.01,7.44,-0.33
Upupa epops,625108276,52,395.601,64.008,46.9,6.3,6.16,5.12,5.64,6.18,7.44,-0.17
Upupa epops,477537571,61.51,493.024,82.855,46.9,6.3,5.85,4.68,5.26,5.95,7.44,-0.2
Upupa epops,633706001,33.43,283.214,44.102,46.9,6.3,5.54,4.78,5.16,6.42,7.44,-0.14
Upupa epops,636356868,27.1,254.419,37.483,46.9,6.3,5,4.56,4.78,6.79,7.44,-0.09
Dendronanthus indicus,21136311,60.12,136.348,50.018,11.1,3.4,4.89,4.09,4.49,2.73,3.26,-0.17
Dendronanthus indicus,629905861,48.99,114.696,43.156,11.1,3.4,4.74,3.86,4.3,2.66,3.26,-0.19
Dendronanthus indicus,84186771,73.02,161.426,62.962,11.1,3.4,5.02,3.94,4.48,2.56,3.26,-0.21
Dendronanthus indicus,74187931,66.7,146.377,55.536,11.1,3.4,5.06,4.08,4.57,2.64,3.26,-0.19
Dendronanthus indicus,221676551,61.5,160.007,56,11.1,3.4,4.27,3.73,4,2.86,3.26,-0.12
Dendronanthus indicus,634325491,81.44,203.368,76.544,11.1,3.4,4.44,3.62,4.03,2.66,3.26,-0.19
Dendronanthus indicus,633659865,67.77,159.803,56.004,11.1,3.4,4.71,4.11,4.41,2.85,3.26,-0.13
Dendronanthus indicus,193036871,67.01,161.346,54.692,11.1,3.4,4.61,4.17,4.39,2.95,3.26,-0.1
Dendronanthus indicus,634469334,55.68,124.367,41.816,11.1,3.4,4.97,4.53,4.75,2.97,3.26,-0.09
Dendronanthus indicus,617863442,55.67,138.091,46.03,11.1,3.4,4.47,4.11,4.29,3,3.26,-0.08
Dendronanthus indicus,618148657,51.53,141.421,44.637,11.1,3.4,4.04,3.93,3.98,3.17,3.26,-0.03
Dendronanthus indicus,627757421,65.06,170.165,62.227,11.1,3.4,4.24,3.55,3.9,2.73,3.26,-0.16
Dendronanthus indicus,618654852,92.14,190.206,80.231,11.1,3.4,5.38,3.9,4.64,2.37,3.26,-0.27
Dendronanthus indicus,627456735,78.06,170.454,71.449,11.1,3.4,5.08,3.71,4.4,2.39,3.26,-0.27
Dendronanthus indicus,622251174,45.22,90.772,32.347,11.1,3.4,5.53,4.75,5.14,2.81,3.26,-0.14
Dendronanthus indicus,179989021,76.87,182.242,69.522,11.1,3.4,4.68,3.76,4.22,2.62,3.26,-0.2
Dendronanthus indicus,40526351,62.25,126.261,41.399,11.1,3.4,5.47,5.11,5.29,3.05,3.26,-0.07
Dendronanthus indicus,228872321,69.23,162.5,55.211,11.1,3.4,4.73,4.26,4.5,2.94,3.26,-0.1
Dendronanthus indicus,623625557,61.36,165.711,57.064,11.1,3.4,4.11,3.66,3.88,2.9,3.26,-0.11
Dendronanthus indicus,605113121,47.53,112.716,44.711,11.1,3.4,4.68,3.61,4.15,2.52,3.26,-0.23
Chloropsis aurifrons,385179391,81.79,226.294,100.52,14.9,5,5.39,4.07,4.73,2.25,2.98,-0.24
Chloropsis aurifrons,275232421,52.71,170.95,74.545,14.9,5,4.59,3.54,4.07,2.29,2.98,-0.23
Chloropsis aurifrons,402921701,47.36,145.496,60.745,14.9,5,4.85,3.9,4.37,2.4,2.98,-0.2
Chloropsis aurifrons,222505301,75.61,207.781,89.269,14.9,5,5.42,4.23,4.83,2.33,2.98,-0.22
Chloropsis aurifrons,465479051,71.68,207.825,84.404,14.9,5,5.14,4.25,4.69,2.46,2.98,-0.17
Chloropsis aurifrons,616160417,61.65,176.089,66.219,14.9,5,5.22,4.66,4.94,2.66,2.98,-0.11
Chloropsis aurifrons,613710278,61.72,170.115,68.942,14.9,5,5.41,4.48,4.94,2.47,2.98,-0.17
Chloropsis aurifrons,116826041,67.32,189.842,75.24,14.9,5,5.28,4.47,4.88,2.52,2.98,-0.15
Chloropsis aurifrons,443058581,51.78,153.638,61,14.9,5,5.02,4.24,4.63,2.52,2.98,-0.15
Chloropsis aurifrons,541421931,60.09,171.421,62.308,14.9,5,5.22,4.82,5.02,2.75,2.98,-0.08
Chloropsis aurifrons,349093121,67.73,187.171,76.007,14.9,5,5.39,4.46,4.92,2.46,2.98,-0.17
Chloropsis aurifrons,629431900,59.5,176.918,69,14.9,5,5.01,4.31,4.66,2.56,2.98,-0.14
Chloropsis aurifrons,85685241,62.27,168.582,64.537,14.9,5,5.5,4.82,5.16,2.61,2.98,-0.12
Chloropsis aurifrons,631390891,54,143.031,59.414,14.9,5,5.63,4.54,5.08,2.41,2.98,-0.19
Chloropsis aurifrons,311573011,70.56,198.003,78.012,14.9,5,5.31,4.52,4.92,2.54,2.98,-0.15
Chloropsis aurifrons,629431901,61.02,184.128,70.257,14.9,5,4.94,4.34,4.64,2.62,2.98,-0.12
Chloropsis aurifrons,611196254,71.75,214.767,80.994,14.9,5,4.98,4.43,4.7,2.65,2.98,-0.11
Chloropsis aurifrons,450639071,56.18,158.07,64.031,14.9,5,5.3,4.39,4.84,2.47,2.98,-0.17
Chloropsis aurifrons,204721021,64,181.025,89.022,14.9,5,5.27,3.59,4.43,2.03,2.98,-0.32
Chloropsis aurifrons,624503243,73.37,222.946,85.428,14.9,5,4.9,4.29,4.6,2.61,2.98,-0.12
Chloropsis aurifrons,338025651,111.04,268,113.04,14.9,5,6.17,4.91,5.54,2.37,2.98,-0.2
Chloropsis aurifrons,641471704,63.28,200.808,82.28,14.9,5,4.7,3.85,4.27,2.44,2.98,-0.18
Chloropsis aurifrons,634602865,55.49,158.433,60.638,14.9,5,5.22,4.58,4.9,2.61,2.98,-0.12
Motacilla cinerea,281090031,55,139.638,51.923,10.8,3,4.25,3.18,3.72,2.69,3.6,-0.25
Motacilla cinerea,635942575,38,93.705,31.754,10.8,3,4.38,3.59,3.99,2.95,3.6,-0.18
Motacilla cinerea,371588201,66.27,162.012,56.08,10.8,3,4.42,3.55,3.98,2.89,3.6,-0.2
Motacilla cinerea,181367211,68.86,165.551,58.138,10.8,3,4.49,3.55,4.02,2.85,3.6,-0.21
Motacilla cinerea,542425811,42.64,113.192,45.044,10.8,3,4.07,2.84,3.45,2.51,3.6,-0.3
Motacilla cinerea,181601131,49.76,127.006,43,10.8,3,4.23,3.47,3.85,2.95,3.6,-0.18
Motacilla cinerea,105267561,75.03,224.206,58.592,10.8,3,3.61,3.84,3.73,3.83,3.6,0.06
Motacilla cinerea,624580169,60.43,154.236,60.67,10.8,3,4.23,2.99,3.61,2.54,3.6,-0.29
Motacilla cinerea,631841276,33.57,93.999,31.878,10.8,3,3.86,3.16,3.51,2.95,3.6,-0.18
Motacilla cinerea,614265516,38.19,102.434,32.921,10.8,3,4.03,3.48,3.75,3.11,3.6,-0.14
Motacilla cinerea,627613405,40.51,110.462,37.357,10.8,3,3.96,3.25,3.61,2.96,3.6,-0.18
Motacilla cinerea,626237296,46.53,131.247,46.43,10.8,3,3.83,3.01,3.42,2.83,3.6,-0.21
Motacilla cinerea,572015321,47.05,111.977,35.76,10.8,3,4.54,3.95,4.24,3.13,3.6,-0.13
Motacilla cinerea,206023231,68.53,165.738,59.203,10.8,3,4.47,3.47,3.97,2.8,3.6,-0.22
Motacilla cinerea,209926441,71.34,192.492,62.948,10.8,3,4,3.4,3.7,3.06,3.6,-0.15
Motacilla cinerea,632596341,37.02,97.749,27.795,10.8,3,4.09,4,4.04,3.52,3.6,-0.02
Motacilla cinerea,303858091,51.74,116.619,45.533,10.8,3,4.79,3.41,4.1,2.56,3.6,-0.29
Motacilla cinerea,429891441,67.16,175.213,59.67,10.8,3,4.14,3.38,3.76,2.94,3.6,-0.18
Motacilla cinerea,631247971,40.59,108.409,37.547,10.8,3,4.04,3.24,3.64,2.89,3.6,-0.2
Motacilla cinerea,643294364,78.48,191.604,66.672,10.8,3,4.42,3.53,3.98,2.87,3.6,-0.2
Motacilla cinerea,147243031,49.19,151.315,46.573,10.8,3,3.51,3.17,3.34,3.25,3.6,-0.1
Motacilla cinerea,495093251,56.14,113.385,37.154,10.8,3,5.35,4.53,4.94,3.05,3.6,-0.15
Motacilla cinerea,610238182,40.87,90.971,35.569,10.8,3,4.85,3.45,4.15,2.56,3.6,-0.29
Motacilla cinerea,613208823,29.53,74.25,24.009,10.8,3,4.29,3.69,3.99,3.09,3.6,-0.14
Motacilla cinerea,385277051,41.77,111.306,42.038,10.8,3,4.05,2.98,3.52,2.65,3.6,-0.26
Motacilla cinerea,28330261,78.86,186.667,62.953,10.8,3,4.56,3.76,4.16,2.97,3.6,-0.18
Motacilla cinerea,644493505,39.74,102.191,33.515,10.8,3,4.2,3.56,3.88,3.05,3.6,-0.15
Motacilla cinerea,281525161,66,154.04,56.608,10.8,3,4.63,3.5,4.06,2.72,3.6,-0.24
Motacilla cinerea,64587051,77.81,158.954,52.037,10.8,3,5.29,4.49,4.89,3.05,3.6,-0.15
Culicicapa ceylonensis,425947021,86.59,110.027,51.788,5.9,2.5,4.64,4.18,4.41,2.12,2.36,-0.1
Culicicapa ceylonensis,638604161,62.15,80.638,37.483,5.9,2.5,4.55,4.14,4.35,2.15,2.36,-0.09
Culicicapa ceylonensis,311936121,104.48,146.578,57.14,5.9,2.5,4.21,4.57,4.39,2.57,2.36,0.09
Culicicapa ceylonensis,294930851,74.1,111.879,53.151,5.9,2.5,3.91,3.49,3.7,2.1,2.36,-0.11
Culicicapa ceylonensis,587367471,75.37,94.112,46.174,5.9,2.5,4.72,4.08,4.4,2.04,2.36,-0.14
Culicicapa ceylonensis,628284827,81.74,118.714,50.122,5.9,2.5,4.06,4.08,4.07,2.37,2.36,0
Culicicapa ceylonensis,613636290,91.78,123.223,59.908,5.9,2.5,4.39,3.83,4.11,2.06,2.36,-0.13
Culicicapa ceylonensis,612825330,85.05,123.762,54.342,5.9,2.5,4.05,3.91,3.98,2.28,2.36,-0.03
Culicicapa ceylonensis,420726311,78.83,111.987,50.488,5.9,2.5,4.15,3.9,4.03,2.22,2.36,-0.06
Culicicapa ceylonensis,613635733,75.74,95.834,47.595,5.9,2.5,4.66,3.98,4.32,2.01,2.36,-0.15
Culicicapa ceylonensis,523869161,75.71,108.116,53.021,5.9,2.5,4.13,3.57,3.85,2.04,2.36,-0.14
Culicicapa ceylonensis,620069182,26,39.001,19.941,5.9,2.5,3.93,3.26,3.6,1.96,2.36,-0.17
Culicicapa ceylonensis,624991768,63.06,97.218,44.503,5.9,2.5,3.83,3.54,3.68,2.18,2.36,-0.07
Culicicapa ceylonensis,526322691,37.77,48.185,20.224,5.9,2.5,4.62,4.67,4.65,2.38,2.36,0.01
Culicicapa ceylonensis,445979481,60.19,80.225,32.035,5.9,2.5,4.43,4.7,4.56,2.5,2.36,0.06
Culicicapa ceylonensis,631566789,62.06,77.405,38.68,5.9,2.5,4.73,4.01,4.37,2,2.36,-0.15
Culicicapa ceylonensis,579896581,24.81,33.593,20.014,5.9,2.5,4.36,3.1,3.73,1.68,2.36,-0.29
Centropus sinensis,475058541,65.05,173.954,126.151,29.3,16.3,10.96,8.4,9.68,1.38,1.8,-0.23
Centropus sinensis,175215891,72.94,212.313,149.003,29.3,16.3,10.07,7.98,9.02,1.42,1.8,-0.21
Centropus sinensis,437563471,67.89,132.966,182.631,29.3,16.3,14.96,6.06,10.51,0.73,1.8,-0.59
Centropus sinensis,204585241,84.39,198.927,137.091,29.3,16.3,12.43,10.03,11.23,1.45,1.8,-0.19
Centropus sinensis,160965781,65.51,182.148,116.017,29.3,16.3,10.54,9.2,9.87,1.57,1.8,-0.13
Centropus sinensis,91073421,42.71,117.123,81.198,29.3,16.3,10.68,8.57,9.63,1.44,1.8,-0.2
Centropus sinensis,205685041,87.3,229.166,153.834,29.3,16.3,11.16,9.25,10.21,1.49,1.8,-0.17
Centropus sinensis,463909891,86.98,230.135,150.333,29.3,16.3,11.07,9.43,10.25,1.53,1.8,-0.15
Centropus sinensis,629998198,49.39,145.331,93.648,29.3,16.3,9.96,8.6,9.28,1.55,1.8,-0.14
Centropus sinensis,564431651,41.33,109.401,68.082,29.3,16.3,11.07,9.89,10.48,1.61,1.8,-0.11
Centropus sinensis,620696798,31.34,89.421,56.337,29.3,16.3,10.27,9.07,9.67,1.59,1.8,-0.12
Centropus sinensis,268677051,45.22,112.712,81.389,29.3,16.3,11.76,9.06,10.41,1.38,1.8,-0.23
Centropus sinensis,228175841,37.69,92.982,64.003,29.3,16.3,11.88,9.6,10.74,1.45,1.8,-0.19
Centropus sinensis,585541271,22.63,64.829,48.06,29.3,16.3,10.23,7.68,8.95,1.35,1.8,-0.25
Centropus sinensis,626897812,55.01,148.277,100.319,29.3,16.3,10.87,8.94,9.9,1.48,1.8,-0.18
Centropus sinensis,624159093,50.57,144.641,84.404,29.3,16.3,10.24,9.77,10,1.71,1.8,-0.05
Centropus sinensis,619214353,55.04,133.314,85.594,29.3,16.3,12.1,10.48,11.29,1.56,1.8,-0.13
Centropus sinensis,616358225,56.65,170.176,101.115,29.3,16.3,9.75,9.13,9.44,1.68,1.8,-0.06
Centropus sinensis,430986031,132.83,365.034,258.66,29.3,16.3,10.66,8.37,9.52,1.41,1.8,-0.21
Centropus sinensis,245368981,41.87,110.866,70.459,29.3,16.3,11.07,9.69,10.38,1.57,1.8,-0.12
Centropus sinensis,212394911,83.3,300.566,192.01,29.3,16.3,8.12,7.07,7.6,1.57,1.8,-0.13
Centropus sinensis,626903991,43.58,118.559,83.6,29.3,16.3,10.77,8.5,9.63,1.42,1.8,-0.21
Centropus sinensis,624024424,39.93,105.923,66.196,29.3,16.3,11.04,9.83,10.44,1.6,1.8,-0.11
Centropus sinensis,619882150,66.43,141.716,109.836,29.3,16.3,13.73,9.86,11.8,1.29,1.8,-0.28
Centropus sinensis,527254031,44.61,147.105,91.444,29.3,16.3,8.88,7.95,8.42,1.61,1.8,-0.11
Centropus sinensis,625571026,56.01,134.001,88.2,29.3,16.3,12.25,10.35,11.3,1.52,1.8,-0.15
Centropus sinensis,205663701,44.34,112.294,84.593,29.3,16.3,11.57,8.54,10.06,1.33,1.8,-0.26
Centropus sinensis,133205681,68.33,179.477,122.037,29.3,16.3,11.16,9.13,10.14,1.47,1.8,-0.18
Dicrurus paradiseus,568137111,39.36,95.084,55.274,20.1,10.7,8.32,7.62,7.97,1.72,1.88,-0.08
Dicrurus paradiseus,580319441,35.11,78.021,50.01,20.1,10.7,9.05,7.51,8.28,1.56,1.88,-0.17
Dicrurus paradiseus,543853761,85.64,194.815,122,20.1,10.7,8.84,7.51,8.17,1.6,1.88,-0.15
Dicrurus paradiseus,626693575,25.35,85.615,44.011,20.1,10.7,5.95,6.16,6.06,1.95,1.88,0.04
Dicrurus paradiseus,632015007,34.06,92.197,52.038,20.1,10.7,7.43,7,7.21,1.77,1.88,-0.06
Dicrurus paradiseus,631206617,24.55,72.791,37.003,20.1,10.7,6.78,7.1,6.94,1.97,1.88,0.05
Dicrurus paradiseus,205946551,22.61,73.88,41.339,20.1,10.7,6.15,5.85,6,1.79,1.88,-0.05
Dicrurus paradiseus,147471311,36.69,97.572,60.012,20.1,10.7,7.56,6.54,7.05,1.63,1.88,-0.13
Dicrurus paradiseus,425394691,43.96,109.33,61.074,20.1,10.7,8.08,7.7,7.89,1.79,1.88,-0.05
Dicrurus paradiseus,349576681,55.32,162.003,89.002,20.1,10.7,6.86,6.65,6.76,1.82,1.88,-0.03
Dicrurus paradiseus,512044691,39.14,120.035,74.027,20.1,10.7,6.55,5.66,6.1,1.62,1.88,-0.14
Dicrurus paradiseus,328934311,80.62,270.599,139.902,20.1,10.7,5.99,6.17,6.08,1.93,1.88,0.03
Dicrurus paradiseus,105966381,35.84,108.853,66.002,20.1,10.7,6.62,5.81,6.21,1.65,1.88,-0.12
Dicrurus paradiseus,353264181,66.69,140.289,86.824,20.1,10.7,9.55,8.22,8.89,1.62,1.88,-0.14
Dicrurus paradiseus,204444091,30.81,93.922,51.276,20.1,10.7,6.59,6.43,6.51,1.83,1.88,-0.02
Dicrurus paradiseus,205139051,41.56,104.887,73.527,20.1,10.7,7.96,6.05,7.01,1.43,1.88,-0.24
Dicrurus paradiseus,632743081,33.24,76.081,43.235,20.1,10.7,8.78,8.23,8.5,1.76,1.88,-0.06
Phylloscopus trochiloides,297305651,82.14,151.863,60.632,6.4,2.6,3.46,3.52,3.49,2.5,2.46,0.02
Phylloscopus trochiloides,30333561,76.48,143.349,67.007,6.4,2.6,3.41,2.97,3.19,2.14,2.46,-0.13
Phylloscopus trochiloides,77743621,66.24,127.339,53,6.4,2.6,3.33,3.25,3.29,2.4,2.46,-0.02
Phylloscopus trochiloides,619159112,73.57,131.273,63.032,6.4,2.6,3.59,3.03,3.31,2.08,2.46,-0.15
Phylloscopus trochiloides,103217001,78.81,151.212,59.076,6.4,2.6,3.34,3.47,3.4,2.56,2.46,0.04
Phylloscopus trochiloides,583711981,77.01,141.567,58.523,6.4,2.6,3.48,3.42,3.45,2.42,2.46,-0.02
Phylloscopus trochiloides,616584156,71.95,130.973,58.83,6.4,2.6,3.52,3.18,3.35,2.23,2.46,-0.1
Phylloscopus trochiloides,637364013,65.04,114.203,49.965,6.4,2.6,3.65,3.38,3.51,2.29,2.46,-0.07
Phylloscopus trochiloides,405932591,48.54,98.412,44.654,6.4,2.6,3.16,2.83,2.99,2.2,2.46,-0.1
Phylloscopus trochiloides,265541911,61.97,103.586,48.088,6.4,2.6,3.83,3.35,3.59,2.15,2.46,-0.12
Phylloscopus trochiloides,72353511,60.5,106.298,47.074,6.4,2.6,3.64,3.34,3.49,2.26,2.46,-0.08
Phylloscopus trochiloides,180508311,36.68,72.802,30.509,6.4,2.6,3.22,3.13,3.18,2.39,2.46,-0.03
Phylloscopus trochiloides,636804987,46.34,92.324,40.139,6.4,2.6,3.21,3,3.11,2.3,2.46,-0.07
Phylloscopus trochiloides,522679601,50.14,102.703,39.655,6.4,2.6,3.12,3.29,3.21,2.59,2.46,0.05
Phylloscopus trochiloides,583640581,58.31,93.521,41.512,6.4,2.6,3.99,3.65,3.82,2.25,2.46,-0.08
Hemicircus canente,142691881,64.14,259.625,109.973,17,6.1,4.2,3.56,3.88,2.36,2.79,-0.15
Hemicircus canente,205789301,53.36,216.52,87.367,17,6.1,4.19,3.73,3.96,2.48,2.79,-0.11
Hemicircus canente,558034671,84.29,340.63,143.6,17,6.1,4.21,3.58,3.89,2.37,2.79,-0.15
Hemicircus canente,481072061,52.92,167.8,70.434,17,6.1,5.36,4.58,4.97,2.38,2.79,-0.15
Hemicircus canente,631314176,48.67,160.59,74.518,17,6.1,5.15,3.98,4.57,2.16,2.79,-0.23
Hemicircus canente,499347491,64.16,219.276,101,17,6.1,4.97,3.87,4.42,2.17,2.79,-0.22
Hemicircus canente,160923251,79.95,253.492,118.026,17,6.1,5.36,4.13,4.75,2.15,2.79,-0.23
Hemicircus canente,556768151,40.27,142.941,62.241,17,6.1,4.79,3.95,4.37,2.3,2.79,-0.18
Hemicircus canente,206181231,59.84,171.231,86.145,17,6.1,5.94,4.24,5.09,1.99,2.79,-0.29
Hemicircus canente,643747247,58.54,206.703,83.024,17,6.1,4.81,4.3,4.56,2.49,2.79,-0.11
Hemicircus canente,206015971,54.83,259.856,100.005,17,6.1,3.59,3.34,3.47,2.6,2.79,-0.07
Hemicircus canente,628522447,50.95,180.336,69.732,17,6.1,4.8,4.46,4.63,2.59,2.79,-0.07
Hemicircus canente,211345551,61.85,187.489,89.627,17,6.1,5.61,4.21,4.91,2.09,2.79,-0.25
Hemicircus canente,626776136,48.1,141.905,58.523,17,6.1,5.76,5.01,5.39,2.42,2.79,-0.13
Hemicircus canente,620978321,41.3,135.06,55.084,17,6.1,5.2,4.57,4.89,2.45,2.79,-0.12
Hemicircus canente,619880176,76.32,231.311,99.639,17,6.1,5.61,4.67,5.14,2.32,2.79,-0.17
Hemicircus canente,612694036,57.85,196.577,88.523,17,6.1,5,3.99,4.49,2.22,2.79,-0.2
Hemicircus canente,485803941,51.66,177.463,79.607,17,6.1,4.95,3.96,4.45,2.23,2.79,-0.2
Hemicircus canente,160921461,93.89,315.753,144.9,17,6.1,5.05,3.95,4.5,2.18,2.79,-0.22
Hemicircus canente,398763511,39.66,131.229,63.008,17,6.1,5.14,3.84,4.49,2.08,2.79,-0.25
Hemicircus canente,627603195,57.52,200.564,84.291,17,6.1,4.88,4.16,4.52,2.38,2.79,-0.15
Hemicircus canente,499437171,42.19,138.977,65.691,17,6.1,5.16,3.92,4.54,2.12,2.79,-0.24
Hemicircus canente,410848051,64.13,207.183,93.059,17,6.1,5.26,4.2,4.73,2.23,2.79,-0.2
Corvus splendens,453915611,56.18,199,118.849,31.5,16.7,8.89,7.89,8.39,1.67,1.89,-0.11
Corvus splendens,455183781,51.64,174.106,91.706,31.5,16.7,9.34,9.4,9.37,1.9,1.89,0.01
Corvus splendens,169465181,53.03,186.815,111.072,31.5,16.7,8.94,7.97,8.46,1.68,1.89,-0.11
Corvus splendens,148211051,53.26,193.217,111.647,31.5,16.7,8.68,7.97,8.32,1.73,1.89,-0.08
Corvus splendens,639092000,28.68,98.154,62.502,31.5,16.7,9.2,7.66,8.43,1.57,1.89,-0.17
Corvus splendens,587541861,68.01,258.312,149.003,31.5,16.7,8.29,7.62,7.96,1.73,1.89,-0.08
Corvus splendens,630363104,61.66,198.494,124.258,31.5,16.7,9.79,8.29,9.04,1.6,1.89,-0.15
Corvus splendens,623866529,45.04,167.502,89.669,31.5,16.7,8.47,8.39,8.43,1.87,1.89,-0.01
Corvus splendens,622464582,89.86,312,185.084,31.5,16.7,9.07,8.11,8.59,1.69,1.89,-0.11
Corvus splendens,619611537,75.53,270.453,169.012,31.5,16.7,8.8,7.46,8.13,1.6,1.89,-0.15
Corvus splendens,556846951,54.39,193.018,111.018,31.5,16.7,8.88,8.18,8.53,1.74,1.89,-0.08
Corvus splendens,364113131,41.35,131.987,80.539,31.5,16.7,9.87,8.57,9.22,1.64,1.89,-0.13
Corvus splendens,155334771,63.73,265.345,146.328,31.5,16.7,7.57,7.27,7.42,1.81,1.89,-0.04
Corvus splendens,164651821,85.62,315.078,176.409,31.5,16.7,8.56,8.1,8.33,1.79,1.89,-0.05
Corvus splendens,357947081,171.57,581.231,337.001,31.5,16.7,9.3,8.5,8.9,1.72,1.89,-0.09
Pavo cristatus,242110591,20,41.38,25,22.8,12.2,11.02,9.76,10.39,1.66,1.87,-0.11
Pavo cristatus,446177451,39.56,68.007,37.165,22.8,12.2,13.26,12.99,13.12,1.83,1.87,-0.02
Pavo cristatus,65754231,38.25,75.117,45.305,22.8,12.2,11.61,10.3,10.96,1.66,1.87,-0.11
Pavo cristatus,641454826,28.78,49.924,31.314,22.8,12.2,13.14,11.21,12.18,1.59,1.87,-0.15
Pavo cristatus,129825211,69.93,154.008,97.001,22.8,12.2,10.35,8.79,9.57,1.59,1.87,-0.15
Pavo cristatus,463215981,42.32,98.103,54.169,22.8,12.2,9.84,9.53,9.68,1.81,1.87,-0.03
Pavo cristatus,523806121,168.67,298.077,190.163,22.8,12.2,12.9,10.82,11.86,1.57,1.87,-0.16
Pavo cristatus,555401441,90.24,153,92.195,22.8,12.2,13.45,11.94,12.69,1.66,1.87,-0.11
Pavo cristatus,45261111,35.57,65.899,39.008,22.8,12.2,12.31,11.12,11.71,1.69,1.87,-0.1
Pavo cristatus,312297381,32.54,56.976,33.08,22.8,12.2,13.02,12,12.51,1.72,1.87,-0.08
Pavo cristatus,366211551,64.85,102,77.002,22.8,12.2,14.49,10.27,12.38,1.32,1.87,-0.29
Pavo cristatus,588077221,40,66.807,43.026,22.8,12.2,13.65,11.34,12.5,1.55,1.87,-0.17
Pavo cristatus,49978001,81.25,125.936,82.638,22.8,12.2,14.71,12,13.35,1.52,1.87,-0.18
Pavo cristatus,146980731,115.75,200.42,131.126,22.8,12.2,13.17,10.77,11.97,1.53,1.87,-0.18
Pavo cristatus,443166341,178.14,301.988,188.68,22.8,12.2,13.45,11.52,12.48,1.6,1.87,-0.14
Pavo cristatus,204508321,48.26,75.909,44.654,22.8,12.2,14.5,13.19,13.84,1.7,1.87,-0.09
Pavo cristatus,618254802,122.64,223.081,143.028,22.8,12.2,12.53,10.46,11.5,1.56,1.87,-0.17
Pavo cristatus,557126561,82.14,167.263,99.005,22.8,12.2,11.2,10.12,10.66,1.69,1.87,-0.1
Pavo cristatus,318712591,56.35,120.438,72.258,22.8,12.2,10.67,9.51,10.09,1.67,1.87,-0.11
Pitta brachyura,221183211,99.01,213.318,105.076,13.5,7.9,6.27,7.44,6.85,2.03,1.71,0.19
Pitta brachyura,627679102,118.34,215.615,141.057,13.5,7.9,7.41,6.63,7.02,1.53,1.71,-0.11
Pitta brachyura,383055321,82.1,154.729,87.207,13.5,7.9,7.16,7.44,7.3,1.77,1.71,0.04
Pitta brachyura,629431715,84.95,196.596,102.753,13.5,7.9,5.83,6.53,6.18,1.91,1.71,0.12
Pitta brachyura,88247981,112.52,236.178,127.016,13.5,7.9,6.43,7,6.71,1.86,1.71,0.09
Pitta brachyura,636530514,91.02,204.793,109,13.5,7.9,6,6.6,6.3,1.88,1.71,0.1
Pitta brachyura,633383705,100,206.737,107.836,13.5,7.9,6.53,7.33,6.93,1.92,1.71,0.12
Pitta brachyura,518567611,95.67,192.51,104,13.5,7.9,6.71,7.27,6.99,1.85,1.71,0.08
Pitta brachyura,626373925,131.46,234.077,143.087,13.5,7.9,7.58,7.26,7.42,1.64,1.71,-0.04
Pitta brachyura,613799467,116.54,212.009,114,13.5,7.9,7.42,8.08,7.75,1.86,1.71,0.09
Pitta brachyura,213315521,140.01,289.772,153.013,13.5,7.9,6.52,7.23,6.88,1.89,1.71,0.11
Pitta brachyura,631140511,80.43,169.307,92.65,13.5,7.9,6.41,6.86,6.64,1.83,1.71,0.07
Pitta brachyura,627769994,93.5,196.573,101.272,13.5,7.9,6.42,7.29,6.86,1.94,1.71,0.14
Pitta brachyura,343352071,57.06,118.67,63.675,13.5,7.9,6.49,7.08,6.79,1.86,1.71,0.09
Pitta brachyura,640148225,88.19,156.924,91.679,13.5,7.9,7.59,7.6,7.59,1.71,1.71,0
Pitta brachyura,636755938,92.66,196.255,104.043,13.5,7.9,6.37,7.04,6.7,1.89,1.71,0.1
Zosterops palpebrosus,309343471,69.61,153.056,68.264,6.9,2.8,3.14,2.86,3,2.24,2.46,-0.09
Zosterops palpebrosus,85104421,55.49,113.623,56.009,6.9,2.8,3.37,2.77,3.07,2.03,2.46,-0.18
Zosterops palpebrosus,612286200,88.26,147.526,85.381,6.9,2.8,4.13,2.89,3.51,1.73,2.46,-0.3
Zosterops palpebrosus,410497321,68.63,141.296,73.269,6.9,2.8,3.35,2.62,2.99,1.93,2.46,-0.22
Zosterops palpebrosus,171459191,50.58,105.106,47.264,6.9,2.8,3.32,3,3.16,2.22,2.46,-0.1
Zosterops palpebrosus,623318022,42.69,91.122,37.878,6.9,2.8,3.23,3.16,3.19,2.41,2.46,-0.02
Zosterops palpebrosus,301779461,70.52,154.251,66.387,6.9,2.8,3.15,2.97,3.06,2.32,2.46,-0.06
Zosterops palpebrosus,244299851,51.9,124.102,59.424,6.9,2.8,2.89,2.45,2.67,2.09,2.46,-0.15
Zosterops palpebrosus,629128181,75.02,160.612,73.751,6.9,2.8,3.22,2.85,3.04,2.18,2.46,-0.12
Zosterops palpebrosus,368494851,67.07,141.466,75.186,6.9,2.8,3.27,2.5,2.88,1.88,2.46,-0.24
Zosterops palpebrosus,624186296,63.77,137.615,67.507,6.9,2.8,3.2,2.65,2.92,2.04,2.46,-0.17
Zosterops palpebrosus,624186296,65.43,139.556,57.306,6.9,2.8,3.24,3.2,3.22,2.44,2.46,-0.01
Zosterops palpebrosus,175642821,43.45,105.311,50.522,6.9,2.8,2.85,2.41,2.63,2.08,2.46,-0.15
Zosterops palpebrosus,504530271,55.76,115.603,55.032,6.9,2.8,3.33,2.84,3.08,2.1,2.46,-0.15
Zosterops palpebrosus,171367751,52.75,116.393,49.216,6.9,2.8,3.13,3,3.06,2.36,2.46,-0.04
Zosterops palpebrosus,108667731,52.42,123.803,50.289,6.9,2.8,2.92,2.92,2.92,2.46,2.46,0
Zosterops palpebrosus,108667731,56.22,115.354,52.652,6.9,2.8,3.36,2.99,3.18,2.19,2.46,-0.11
Zosterops palpebrosus,638402597,55.99,113.239,54.269,6.9,2.8,3.41,2.89,3.15,2.09,2.46,-0.15
Zosterops palpebrosus,301779561,43.92,92.913,40.213,6.9,2.8,3.26,3.06,3.16,2.31,2.46,-0.06
Zosterops palpebrosus,205942051,57.97,134.852,62.394,6.9,2.8,2.97,2.6,2.78,2.16,2.46,-0.12
Corvus macrorhynchos,330388981,61.33,241.531,159.154,42.3,21.9,10.74,8.44,9.59,1.52,1.93,-0.21
Corvus macrorhynchos,170810991,54.54,185.691,132.024,42.3,21.9,12.42,9.05,10.73,1.41,1.93,-0.27
Corvus macrorhynchos,637195623,144,457.232,304.199,42.3,21.9,13.32,10.37,11.84,1.5,1.93,-0.22
Corvus macrorhynchos,215348391,44.98,163.348,116.501,42.3,21.9,11.65,8.46,10.05,1.4,1.93,-0.27
Corvus macrorhynchos,205939641,85.28,314.006,174.072,42.3,21.9,11.49,10.73,11.11,1.8,1.93,-0.07
Corvus macrorhynchos,352186851,71.68,288.522,148.273,42.3,21.9,10.51,10.59,10.55,1.95,1.93,0.01
Corvus macrorhynchos,171931271,54.04,212.144,139.09,42.3,21.9,10.77,8.51,9.64,1.53,1.93,-0.21
Corvus macrorhynchos,406304531,73.11,275,167.693,42.3,21.9,11.25,9.55,10.4,1.64,1.93,-0.15
Corvus macrorhynchos,593651011,67.91,233.002,142,42.3,21.9,12.33,10.47,11.4,1.64,1.93,-0.15
Corvus macrorhynchos,206015741,48.87,200.012,121.004,42.3,21.9,10.33,8.84,9.59,1.65,1.93,-0.14
Corvus macrorhynchos,570854491,94.2,317.682,181.86,42.3,21.9,12.54,11.34,11.94,1.75,1.93,-0.1
Corvus macrorhynchos,204389231,44.34,201.42,109.423,42.3,21.9,9.31,8.87,9.09,1.84,1.93,-0.05
Corvus macrorhynchos,204280071,38.51,149.164,83.241,42.3,21.9,10.92,10.13,10.53,1.79,1.93,-0.07
Corvus macrorhynchos,612159426,46.02,177.553,96.13,42.3,21.9,10.96,10.49,10.72,1.85,1.93,-0.04
Corvus macrorhynchos,205051981,97.33,384.293,237.008,42.3,21.9,10.71,8.99,9.85,1.62,1.93,-0.16
Corvus macrorhynchos,626869029,47.38,161.152,93.005,42.3,21.9,12.44,11.16,11.8,1.73,1.93,-0.1
Corvus macrorhynchos,556779961,51.67,171.143,117.068,42.3,21.9,12.77,9.67,11.22,1.46,1.93,-0.24
Picus chlorolophus,638147662,57.78,191.908,72,20.6,6.6,6.2,5.26,5.73,2.65,3.12,-0.15
Picus chlorolophus,232885601,57.47,179.234,67,20.6,6.6,6.61,5.69,6.15,2.69,3.12,-0.14
Picus chlorolophus,631627738,56.8,204.636,70.045,20.6,6.6,5.72,5.35,5.53,2.92,3.12,-0.06
Picus chlorolophus,240195791,46.3,153.307,54.004,20.6,6.6,6.22,5.66,5.94,2.84,3.12,-0.09
Picus chlorolophus,56990401,46.43,179.961,64.031,20.6,6.6,5.32,4.79,5.05,2.81,3.12,-0.1
Picus chlorolophus,97484851,139.73,475.421,193.01,20.6,6.6,6.05,4.78,5.42,2.46,3.12,-0.21
Picus chlorolophus,615284272,48.62,154.029,74.733,20.6,6.6,6.5,4.29,5.4,2.06,3.12,-0.34
Picus chlorolophus,543915461,57.58,167.386,62.434,20.6,6.6,7.09,6.09,6.59,2.68,3.12,-0.14
Picus chlorolophus,527736751,53.39,206.306,80.159,20.6,6.6,5.33,4.4,4.86,2.57,3.12,-0.18
Picus chlorolophus,537783091,51.19,233.568,88,20.6,6.6,4.51,3.84,4.17,2.65,3.12,-0.15
Picus chlorolophus,194862621,57.89,172.569,61.774,20.6,6.6,6.91,6.19,6.55,2.79,3.12,-0.1
Picus chlorolophus,89715001,41.02,129.321,47.077,20.6,6.6,6.53,5.75,6.14,2.75,3.12,-0.12
Picus chlorolophus,631627738,54.94,206.679,69.73,20.6,6.6,5.48,5.2,5.34,2.96,3.12,-0.05
Picus chlorolophus,610310870,41.89,127.59,45.905,20.6,6.6,6.76,6.02,6.39,2.78,3.12,-0.11
Picus chlorolophus,623356739,67.33,208.722,74.465,20.6,6.6,6.65,5.97,6.31,2.8,3.12,-0.1
Picus chlorolophus,618201739,77.22,267.24,94.673,20.6,6.6,5.95,5.38,5.67,2.82,3.12,-0.1
Picus chlorolophus,240978121,56.54,171.094,66.009,20.6,6.6,6.81,5.65,6.23,2.59,3.12,-0.17
Picus chlorolophus,362856381,41.13,147.872,51.658,20.6,6.6,5.73,5.25,5.49,2.86,3.12,-0.08
Arachnothera longirostra,88247261,63.01,400.979,48.765,34.3,3.8,5.39,4.91,5.15,8.22,9.03,-0.09
Arachnothera longirostra,503551821,82.54,500.12,61.4,34.3,3.8,5.66,5.11,5.38,8.15,9.03,-0.1
Arachnothera longirostra,147878251,44.38,259.11,33.015,34.3,3.8,5.88,5.11,5.49,7.85,9.03,-0.13
Arachnothera longirostra,356106711,85.03,514.191,69.051,34.3,3.8,5.67,4.68,5.18,7.45,9.03,-0.18
Arachnothera longirostra,614086352,62.98,419.734,52.24,34.3,3.8,5.15,4.58,4.86,8.03,9.03,-0.11
Arachnothera longirostra,647062066,63,336.501,41.012,34.3,3.8,6.42,5.84,6.13,8.2,9.03,-0.09
Arachnothera longirostra,627726891,83.85,487.988,65,34.3,3.8,5.89,4.9,5.4,7.51,9.03,-0.17
Arachnothera longirostra,136528001,70,590.093,63.953,34.3,3.8,4.07,4.16,4.11,9.23,9.03,0.02
Arachnothera longirostra,593198051,49.59,302,41,34.3,3.8,5.64,4.6,5.12,7.36,9.03,-0.18
Arachnothera longirostra,520577731,71.77,595.279,62.128,34.3,3.8,4.14,4.39,4.26,9.58,9.03,0.06
Arachnothera longirostra,490266251,73.01,452,68.007,34.3,3.8,5.54,4.08,4.81,6.65,9.03,-0.26
Ducula badia,328360841,61.19,91.831,49.932,14.6,6.2,9.73,7.6,8.66,1.84,2.35,-0.22
Ducula badia,448876751,69.96,103.721,53.724,14.6,6.2,9.85,8.07,8.96,1.93,2.35,-0.18
Ducula badia,122655451,49.22,92.451,49.336,14.6,6.2,7.77,6.18,6.98,1.87,2.35,-0.2
Ducula badia,617132889,34.36,56.414,27.409,14.6,6.2,8.89,7.77,8.33,2.06,2.35,-0.13
Ducula badia,181847891,47.63,80.435,38.854,14.6,6.2,8.65,7.6,8.12,2.07,2.35,-0.12
Ducula badia,640457380,81.19,137.5,67.84,14.6,6.2,8.62,7.42,8.02,2.03,2.35,-0.14
Ducula badia,304449471,62.08,87.743,40.609,14.6,6.2,10.33,9.48,9.9,2.16,2.35,-0.08
Ducula badia,127950491,46.99,68.219,29.43,14.6,6.2,10.06,9.9,9.98,2.32,2.35,-0.02
Ducula badia,635824084,26.16,49.903,20.774,14.6,6.2,7.65,7.81,7.73,2.4,2.35,0.02
Ducula badia,618876345,20.27,36.673,14.806,14.6,6.2,8.07,8.49,8.28,2.48,2.35,0.05
Ducula badia,618876345,22,37.452,16.617,14.6,6.2,8.57,8.21,8.39,2.25,2.35,-0.04
Ducula badia,332825281,77.19,126.716,52.202,14.6,6.2,8.89,9.17,9.03,2.43,2.35,0.03
Ducula badia,206016151,58.05,85.207,37.483,14.6,6.2,9.95,9.6,9.78,2.27,2.35,-0.03
Ducula badia,206013821,85.87,144.17,70.434,14.6,6.2,8.7,7.56,8.13,2.05,2.35,-0.13
Ducula badia,204417411,48.94,78.532,36.235,14.6,6.2,9.1,8.37,8.74,2.17,2.35,-0.08
Dicaeum concolor,608541518,93.34,221.741,103.35,7.1,3,2.99,2.71,2.85,2.15,2.37,-0.09
Dicaeum concolor,315349381,96.8,221.923,110.041,7.1,3,3.1,2.64,2.87,2.02,2.37,-0.15
Dicaeum concolor,627424668,73.69,154.564,83.57,7.1,3,3.39,2.65,3.02,1.85,2.37,-0.22
Dicaeum concolor,612774032,82.68,202.418,97.185,7.1,3,2.9,2.55,2.73,2.08,2.37,-0.12
Dicaeum concolor,350185721,81.89,203.48,91.665,7.1,3,2.86,2.68,2.77,2.22,2.37,-0.06
Dicaeum concolor,610652881,93.63,211.596,95.296,7.1,3,3.14,2.95,3.04,2.22,2.37,-0.06
Dicaeum concolor,626860170,80.51,187.74,96.297,7.1,3,3.04,2.51,2.78,1.95,2.37,-0.18
Dicaeum concolor,616712764,70.16,151.212,74.216,7.1,3,3.29,2.84,3.07,2.04,2.37,-0.14
Dicaeum concolor,614891709,71.53,170.368,80.103,7.1,3,2.98,2.68,2.83,2.13,2.37,-0.1
Dicaeum concolor,627688394,69.22,160.031,77.389,7.1,3,3.07,2.68,2.88,2.07,2.37,-0.13
Dicaeum concolor,626080049,93.67,214.049,98,7.1,3,3.11,2.87,2.99,2.18,2.37,-0.08
Dicaeum concolor,626078061,115.39,279.029,126.016,7.1,3,2.94,2.75,2.84,2.21,2.37,-0.06
Dicaeum concolor,306608331,100.28,245.319,118.652,7.1,3,2.9,2.54,2.72,2.07,2.37,-0.13
Dicaeum concolor,204704511,84.33,222.767,90.006,7.1,3,2.69,2.81,2.75,2.48,2.37,0.05
Dicaeum concolor,233297721,76.84,179.101,81.049,7.1,3,3.05,2.84,2.95,2.21,2.37,-0.07
Dicaeum concolor,644991760,66.28,171.898,83.524,7.1,3,2.74,2.38,2.56,2.06,2.37,-0.13
Pericrocotus flammeus,244492271,46.21,98.999,51.735,10.3,5.4,4.81,4.82,4.82,1.91,1.91,0
Pericrocotus flammeus,633350622,97.44,149.734,94.191,10.3,5.4,6.7,5.59,6.14,1.59,1.91,-0.17
Pericrocotus flammeus,620173844,58.58,104.501,59.002,10.3,5.4,5.77,5.36,5.57,1.77,1.91,-0.07
Pericrocotus flammeus,620019490,61.46,128.269,69.507,10.3,5.4,4.94,4.77,4.85,1.85,1.91,-0.03
Pericrocotus flammeus,619563199,55.07,92.532,52.967,10.3,5.4,6.13,5.61,5.87,1.75,1.91,-0.08
Pericrocotus flammeus,614100097,67.19,118.439,58.143,10.3,5.4,5.84,6.24,6.04,2.04,1.91,0.07
Pericrocotus flammeus,613455726,65.27,118.851,72.91,10.3,5.4,5.66,4.83,5.25,1.63,1.91,-0.15
Pericrocotus flammeus,204671901,41.12,75.058,48.407,10.3,5.4,5.64,4.59,5.12,1.55,1.91,-0.19
Pericrocotus flammeus,626891542,60,111.405,61.004,10.3,5.4,5.55,5.31,5.43,1.83,1.91,-0.04
Pericrocotus flammeus,89085131,69.59,127.765,67.416,10.3,5.4,5.61,5.57,5.59,1.9,1.91,-0.01
Pericrocotus flammeus,619384239,56.48,114.475,59.489,10.3,5.4,5.08,5.13,5.1,1.92,1.91,0.01
Pericrocotus flammeus,625649909,59.93,103.557,58.371,10.3,5.4,5.96,5.54,5.75,1.77,1.91,-0.07
Pericrocotus flammeus,410413971,54.52,124.042,60.351,10.3,5.4,4.53,4.88,4.7,2.06,1.91,0.08
Pericrocotus flammeus,620165026,64.75,118.707,67.002,10.3,5.4,5.62,5.22,5.42,1.77,1.91,-0.07
Pericrocotus flammeus,387881241,72.83,144.765,75.003,10.3,5.4,5.18,5.24,5.21,1.93,1.91,0.01
Copsychus saularis,615166166,83.79,205.502,84.293,15,5.8,6.12,5.77,5.94,2.44,2.59,-0.06
Copsychus saularis,166748771,94.6,214.928,83.199,15,5.8,6.6,6.59,6.6,2.58,2.59,0
Copsychus saularis,301480371,97.41,217,81.514,15,5.8,6.73,6.93,6.83,2.66,2.59,0.03
Copsychus saularis,589259141,129.52,287.647,109.573,15,5.8,6.75,6.86,6.81,2.63,2.59,0.02
Copsychus saularis,366773521,80.72,166.001,66.047,15,5.8,7.29,7.09,7.19,2.51,2.59,-0.03
Copsychus saularis,585268711,102.75,220.645,93.012,15,5.8,6.98,6.41,6.7,2.37,2.59,-0.08
Copsychus saularis,473492761,115.82,219.049,95.512,15,5.8,7.93,7.03,7.48,2.29,2.59,-0.11
Copsychus saularis,609391902,117.57,274.182,119.324,15,5.8,6.43,5.71,6.07,2.3,2.59,-0.11
Copsychus saularis,571765821,90.78,186.271,92.505,15,5.8,7.31,5.69,6.5,2.01,2.59,-0.22
Copsychus saularis,260591961,72.6,163.581,68.334,15,5.8,6.66,6.16,6.41,2.39,2.59,-0.07
Copsychus saularis,636215076,46.14,92.72,44.173,15,5.8,7.46,6.06,6.76,2.1,2.59,-0.19
Copsychus saularis,602060361,80.1,180.429,76.357,15,5.8,6.66,6.08,6.37,2.36,2.59,-0.09
Copsychus saularis,504282901,94.98,210.115,89.723,15,5.8,6.78,6.14,6.46,2.34,2.59,-0.09
Copsychus saularis,645012105,64.38,142.77,59.034,15,5.8,6.76,6.33,6.54,2.42,2.59,-0.06
Copsychus saularis,629431849,91.37,180.624,71.063,15,5.8,7.59,7.46,7.52,2.54,2.59,-0.02
Pellorneum ruficeps,85328841,102.62,164.336,78.104,9.7,4.2,6.06,5.52,5.79,2.1,2.31,-0.09
Pellorneum ruficeps,143314281,78.5,143.671,73.744,9.7,4.2,5.3,4.47,4.89,1.95,2.31,-0.16
Pellorneum ruficeps,612864600,70,131.597,61.004,9.7,4.2,5.16,4.82,4.99,2.16,2.31,-0.07
Pellorneum ruficeps,76492111,99.64,175.277,87.803,9.7,4.2,5.51,4.77,5.14,2,2.31,-0.14
Pellorneum ruficeps,444311961,101.44,155.425,84.172,9.7,4.2,6.33,5.06,5.7,1.85,2.31,-0.2
Pellorneum ruficeps,301779641,102.87,186.688,85.988,9.7,4.2,5.34,5.02,5.18,2.17,2.31,-0.06
Pellorneum ruficeps,623942435,80.64,137.347,65.997,9.7,4.2,5.7,5.13,5.41,2.08,2.31,-0.1
Pellorneum ruficeps,126794261,111.67,222.928,101.237,9.7,4.2,4.86,4.63,4.75,2.2,2.31,-0.05
Pellorneum ruficeps,611424895,80.65,126.921,64.996,9.7,4.2,6.16,5.21,5.69,1.95,2.31,-0.15
Pellorneum ruficeps,94814611,65,117.381,47.058,9.7,4.2,5.37,5.8,5.59,2.49,2.31,0.08
Pellorneum ruficeps,623915393,72,121.202,58.519,9.7,4.2,5.76,5.17,5.47,2.07,2.31,-0.1
Pellorneum ruficeps,143314291,77.23,165.273,77.058,9.7,4.2,4.53,4.21,4.37,2.14,2.31,-0.07
Pellorneum ruficeps,633721543,72.2,122.262,54.452,9.7,4.2,5.73,5.57,5.65,2.25,2.31,-0.03
Pellorneum ruficeps,632777749,86.54,163.654,75.733,9.7,4.2,5.13,4.8,4.96,2.16,2.31,-0.06
Pellorneum ruficeps,619175005,105.63,181.715,87.489,9.7,4.2,5.64,5.07,5.35,2.08,2.31,-0.1
Pellorneum ruficeps,618362747,102.02,194.093,93.109,9.7,4.2,5.1,4.6,4.85,2.08,2.31,-0.1
Pycnonotus jocosus,299580921,66.09,144.641,76.199,9.1,4.8,4.16,4.16,4.16,1.9,1.9,0
Pycnonotus jocosus,142725241,66.42,132.284,63.404,9.1,4.8,4.57,5.03,4.8,2.09,1.9,0.1
Pycnonotus jocosus,249401231,43.98,80.103,42.838,9.1,4.8,5,4.93,4.96,1.87,1.9,-0.01
Pycnonotus jocosus,249401231,39.75,78.865,45.525,9.1,4.8,4.59,4.19,4.39,1.73,1.9,-0.09
Pycnonotus jocosus,515422671,73.16,130.43,72.25,9.1,4.8,5.1,4.86,4.98,1.81,1.9,-0.05
Pycnonotus jocosus,613750778,45.39,85.69,50.018,9.1,4.8,4.82,4.36,4.59,1.71,1.9,-0.1
Pycnonotus jocosus,308661641,130.38,256.676,128.524,9.1,4.8,4.62,4.87,4.75,2,1.9,0.05
Pycnonotus jocosus,626859526,68.07,131.492,70.612,9.1,4.8,4.71,4.63,4.67,1.86,1.9,-0.02
Pycnonotus jocosus,571057071,50.71,113.838,52.846,9.1,4.8,4.05,4.61,4.33,2.15,1.9,0.14
Pycnonotus jocosus,357845761,56.04,87.053,50.521,9.1,4.8,5.86,5.32,5.59,1.72,1.9,-0.09
Pycnonotus jocosus,251244521,36.98,72.555,37.331,9.1,4.8,4.64,4.76,4.7,1.94,1.9,0.03
Pycnonotus jocosus,601755931,80.17,147.691,81.61,9.1,4.8,4.94,4.72,4.83,1.81,1.9,-0.05
Pycnonotus jocosus,205942071,52.67,107.754,54.35,9.1,4.8,4.45,4.65,4.55,1.98,1.9,0.05
Pycnonotus jocosus,460559081,77.56,137.786,78.819,9.1,4.8,5.12,4.72,4.92,1.75,1.9,-0.08
Pycnonotus jocosus,609345817,55.6,113.42,56.485,9.1,4.8,4.46,4.72,4.59,2.01,1.9,0.06
Accipiter badius,613784321,51.18,71.431,72.56,12.1,11.6,8.67,8.18,8.43,0.98,1.04,-0.06
Accipiter badius,414520581,70.04,82.073,98.351,12.1,11.6,10.33,8.26,9.29,0.83,1.04,-0.2
Accipiter badius,612073512,81.32,97.441,95.228,12.1,11.6,10.1,9.91,10,1.02,1.04,-0.02
Accipiter badius,627545471,92.22,114.462,117.02,12.1,11.6,9.75,9.14,9.44,0.98,1.04,-0.06
Accipiter badius,541751011,68.59,67.516,86.538,12.1,11.6,12.29,9.19,10.74,0.78,1.04,-0.25
Accipiter badius,555561381,54.42,51.343,87.313,12.1,11.6,12.83,7.23,10.03,0.59,1.04,-0.44
Accipiter badius,174548571,54.13,53.263,61.169,12.1,11.6,12.3,10.26,11.28,0.87,1.04,-0.17
Accipiter badius,301477721,57.11,82.882,65.178,12.1,11.6,8.34,10.16,9.25,1.27,1.04,0.22
Accipiter badius,297917591,92.58,111.142,128.035,12.1,11.6,10.08,8.39,9.23,0.87,1.04,-0.17
Accipiter badius,174323561,58.66,61.664,67.428,12.1,11.6,11.51,10.09,10.8,0.91,1.04,-0.12
Accipiter badius,631521229,62.2,68.007,75.267,12.1,11.6,11.07,9.59,10.33,0.9,1.04,-0.13
Accipiter badius,173558141,67.81,70.317,88.109,12.1,11.6,11.67,8.93,10.3,0.8,1.04,-0.23
Accipiter badius,624026099,46.54,57.334,68.771,12.1,11.6,9.82,7.85,8.84,0.83,1.04,-0.2
Accipiter badius,480750121,58.75,71.318,79.424,12.1,11.6,9.97,8.58,9.27,0.9,1.04,-0.14
Accipiter badius,306624311,48.59,56.394,58.612,12.1,11.6,10.42,9.62,10.02,0.96,1.04,-0.08
Accipiter badius,143858901,68.24,83.868,71.231,12.1,11.6,9.84,11.11,10.48,1.18,1.04,0.13
Accipiter badius,626224792,73.01,78.79,88.336,12.1,11.6,11.21,9.59,10.4,0.89,1.04,-0.14
Accipiter badius,313169341,74.48,101.096,106.903,12.1,11.6,8.91,8.08,8.5,0.95,1.04,-0.09
Accipiter badius,93849641,64.51,81.096,70.95,12.1,11.6,9.63,10.55,10.09,1.14,1.04,0.1
Accipiter badius,106975821,100.54,98.843,130.638,12.1,11.6,12.31,8.93,10.62,0.76,1.04,-0.27
Picumnus innominatus,126035761,58.66,142.046,87.864,9.2,4.6,3.8,3.07,3.44,1.62,2,-0.19
Picumnus innominatus,174326201,52.83,134.04,81.096,9.2,4.6,3.63,3,3.31,1.65,2,-0.17
Picumnus innominatus,629122424,46.62,124.973,66.727,9.2,4.6,3.43,3.21,3.32,1.87,2,-0.06
Picumnus innominatus,459897771,81.5,181.638,93.736,9.2,4.6,4.13,4,4.06,1.94,2,-0.03
Picumnus innominatus,638356988,92.05,201.955,124.788,9.2,4.6,4.19,3.39,3.79,1.62,2,-0.19
Picumnus innominatus,219289171,75.93,196.492,113.024,9.2,4.6,3.56,3.09,3.32,1.74,2,-0.13
Picumnus innominatus,627718133,63.71,146.872,84.843,9.2,4.6,3.99,3.45,3.72,1.73,2,-0.13
Picumnus innominatus,608381558,49.09,145.344,68.2,9.2,4.6,3.11,3.31,3.21,2.13,2,0.07
Picumnus innominatus,591269311,84.98,221.55,111.818,9.2,4.6,3.53,3.5,3.51,1.98,2,-0.01
Picumnus innominatus,632037071,43.55,112.599,62.62,9.2,4.6,3.56,3.2,3.38,1.8,2,-0.1
Picumnus innominatus,631959264,101.32,240.934,126.752,9.2,4.6,3.87,3.68,3.77,1.9,2,-0.05
Picumnus innominatus,629897874,52.83,116.017,63.008,9.2,4.6,4.19,3.86,4.02,1.84,2,-0.08
Picumnus innominatus,627164060,64.94,159.657,107.542,9.2,4.6,3.74,2.78,3.26,1.48,2,-0.26
Picumnus innominatus,621395262,74.37,209.502,81.006,9.2,4.6,3.27,4.22,3.74,2.59,2,0.29
Picumnus innominatus,616502801,100.29,228.37,118,9.2,4.6,4.04,3.91,3.97,1.94,2,-0.03
Picumnus innominatus,382599731,132.66,291.139,157.003,9.2,4.6,4.19,3.89,4.04,1.85,2,-0.07
Picumnus innominatus,222408021,68.77,173.966,93.472,9.2,4.6,3.64,3.38,3.51,1.86,2,-0.07
Dryocopus javensis,268676931,41.31,205.588,68.953,43.4,12.8,8.72,7.67,8.19,2.98,3.39,-0.12
Dryocopus javensis,623946445,51.08,256.272,80.742,43.4,12.8,8.65,8.1,8.37,3.17,3.39,-0.06
Dryocopus javensis,430184431,65.52,386.039,123.556,43.4,12.8,7.37,6.79,7.08,3.12,3.39,-0.08
Dryocopus javensis,613419520,43.2,305.585,80.772,43.4,12.8,6.14,6.85,6.49,3.78,3.39,0.12
Dryocopus javensis,626787178,44.73,281.335,80.649,43.4,12.8,6.9,7.1,7,3.49,3.39,0.03
Dryocopus javensis,624212570,51.92,200.82,77.719,43.4,12.8,11.22,8.55,9.89,2.58,3.39,-0.24
Dryocopus javensis,637867005,51.34,217.202,69.334,43.4,12.8,10.26,9.48,9.87,3.13,3.39,-0.08
Dryocopus javensis,636327461,37.21,184.966,64.002,43.4,12.8,8.73,7.44,8.09,2.89,3.39,-0.15
Dryocopus javensis,601575181,40.58,201.208,68.593,43.4,12.8,8.75,7.57,8.16,2.93,3.39,-0.13
Dryocopus javensis,608655502,46.05,222.576,70.803,43.4,12.8,8.98,8.32,8.65,3.14,3.39,-0.07
Dryocopus javensis,616258451,42.85,217.098,66.092,43.4,12.8,8.57,8.3,8.43,3.28,3.39,-0.03
Dryocopus javensis,569041681,57.37,266.28,80.96,43.4,12.8,9.35,9.07,9.21,3.29,3.39,-0.03
Dryocopus javensis,620581659,59.06,312.464,86.023,43.4,12.8,8.2,8.79,8.5,3.63,3.39,0.07
Dryocopus javensis,620978337,29.03,133.593,45.139,43.4,12.8,9.43,8.23,8.83,2.96,3.39,-0.13
Dryocopus javensis,268676941,44.47,203.924,66.888,43.4,12.8,9.46,8.51,8.99,3.05,3.39,-0.1
Dryocopus javensis,641004722,52.1,258.912,82.217,43.4,12.8,8.73,8.11,8.42,3.15,3.39,-0.07
Halcyon smyrnensis,611613141,70.51,487.583,141.877,48.4,14.3,7,7.11,7.05,3.44,3.38,0.02
Halcyon smyrnensis,354286241,123.41,711.512,240.169,48.4,14.3,8.39,7.35,7.87,2.96,3.38,-0.12
Halcyon smyrnensis,255094651,69.35,373.209,125.643,48.4,14.3,8.99,7.89,8.44,2.97,3.38,-0.12
Halcyon smyrnensis,394057931,97.83,529.079,162.975,48.4,14.3,8.95,8.58,8.77,3.25,3.38,-0.04
Halcyon smyrnensis,20205321,80.1,485.053,134.015,48.4,14.3,7.99,8.55,8.27,3.62,3.38,0.07
Halcyon smyrnensis,605525351,120.01,710.372,216.043,48.4,14.3,8.18,7.94,8.06,3.29,3.38,-0.03
Halcyon smyrnensis,214771061,66.77,453.018,137,48.4,14.3,7.13,6.97,7.05,3.31,3.38,-0.02
Halcyon smyrnensis,145000621,110.37,659.212,196.163,48.4,14.3,8.1,8.05,8.07,3.36,3.38,-0.01
Halcyon smyrnensis,396136591,81.49,420.544,147.031,48.4,14.3,9.38,7.93,8.65,2.86,3.38,-0.15
Halcyon smyrnensis,512210681,95.53,520.505,159.452,48.4,14.3,8.88,8.57,8.73,3.26,3.38,-0.04
Halcyon smyrnensis,630048669,86.96,576.841,173.22,48.4,14.3,7.3,7.18,7.24,3.33,3.38,-0.02
Halcyon smyrnensis,124698571,93.34,549,177.025,48.4,14.3,8.23,7.54,7.88,3.1,3.38,-0.08
Halcyon smyrnensis,549411991,81,388.96,139.004,48.4,14.3,10.08,8.33,9.21,2.8,3.38,-0.17
Halcyon smyrnensis,328958911,64.38,364.157,107.168,48.4,14.3,8.56,8.59,8.57,3.4,3.38,0
Halcyon smyrnensis,269211321,71.02,401.842,140.175,48.4,14.3,8.55,7.24,7.9,2.87,3.38,-0.15
Halcyon smyrnensis,526901971,101.3,659.03,189.737,48.4,14.3,7.44,7.64,7.54,3.47,3.38,0.03
